gauge_id,EventRR,RR_seasonality,Recession_a_seasonality,AverageStorage,RecessionParametersAlpha,RecessionParametersBeta,RecessionParametersT0,BaseflowRecessionK,FirstRecessionSlope,MidRecessionSlope,EventRR_TotalRR_Ratio,VariabilityIndex
1013500,0.25847,1.7618,2.3538,233.47,0.050216,1.534,22.338,0.053788,0.064615,0.040738,0.47719,0.36077
1022500,0.34456,0.93686,1.8823,216.75,0.078658,2.1951,10.313,0.098498,0.24133,0.13426,0.58614,0.40264
1030500,0.2858,1.3052,2.9387,211.17,0.10184,1.7158,10.827,0.090977,0.11903,0.092579,0.51343,0.4714
1031500,0.34294,1.1184,2.2936,187.75,0.14914,2.1006,7.6975,0.12228,0.27805,0.14499,0.59697,0.46738
1047000,0.37238,1.1761,1.8382,194.38,0.11673,2.6083,9.4296,0.1126,0.36531,0.12817,0.56988,0.40383
1052500,0.4042,1.47,1.5806,241.98,0.13087,2.6528,7.2424,0.15264,0.61403,0.29176,0.64284,0.37499
1054200,0.43029,1.1682,1.6317,248.89,0.089535,2.7237,8.4991,0.14071,1.1274,0.37321,0.63783,0.39187
1055000,0.40358,1.224,2.2127,191.42,0.13819,2.5183,7.5716,0.14478,0.46446,0.18778,0.61908,0.40965
1057000,0.29919,1.0703,2.8572,240.73,0.13015,2.0962,8.3655,0.13928,0.2127,0.13889,0.58385,0.45408
1073000,0.28277,0.72976,2.812,232.51,0.12989,1.8932,7.8469,0.17821,0.51077,0.18726,0.58206,0.51022
1078000,0.28304,0.96738,2.3763,193.33,0.13002,2.2651,8.4019,0.13172,0.21867,0.095195,0.57348,0.404
1118300,0.34024,0.62846,3.0151,210.14,0.072445,2.4152,9.3039,0.15745,1.045,0.17792,0.62552,0.50089
1121000,0.31557,0.58414,3.0498,211.34,0.071074,2.6677,10.165,0.16234,0.74719,0.2304,0.63174,0.45747
1123000,0.28411,0.62601,1.9235,248.77,0.056048,3.0883,15.272,0.1093,0.47051,0.15072,0.62392,0.3641
1134500,0.39117,1.0607,2.4624,240.69,0.12977,2.3572,6.2745,0.16859,0.2969,0.19378,0.65136,0.3548
1137500,0.38091,1.1282,1.1051,207.88,0.067722,3.0309,10.396,0.118,0.52483,0.19858,0.63287,0.30949
1139000,0.3066,0.96587,2.0924,176.13,0.10004,2.6411,9.556,0.11642,0.26711,0.15817,0.58551,0.33031
1139800,0.2858,1.071,2.4777,159.42,0.079532,2.7417,10.391,0.0995,0.1488,NaN,0.5296,0.33653
1142500,0.30089,0.95108,1.7816,173.09,0.060582,2.6294,15.159,0.10653,0.21954,0.12146,0.55624,0.33695
1144000,0.31381,0.9066,1.883,163,0.090467,2.7324,10.236,0.098701,0.29355,0.1346,0.57627,0.34506
1162500,0.27001,0.74543,2.2793,195.96,0.11868,1.7742,8.1384,0.15601,0.25715,0.18756,0.56222,0.46951
1169000,0.3622,0.82707,1.9322,222.73,0.080708,2.5987,9.9068,0.12799,0.25272,0.15385,0.63426,0.38115
1170100,0.33951,0.8406,1.9054,222.92,0.057932,2.7068,12.396,0.11636,0.32937,0.14827,0.60992,0.37961
1181000,0.36501,0.72088,2.022,181.78,0.096137,2.3331,8.6018,0.14012,0.49507,0.20068,0.64686,0.41254
1187300,0.34464,0.61424,2.7486,207.58,0.13722,2.0983,6.9072,0.17248,0.62279,0.22209,0.64971,0.48754
1195100,0.27943,0.5805,3.3831,229.04,0.11868,2.344,8.4286,0.17811,0.6038,0.19664,0.62849,0.55831
1333000,0.3449,0.64395,1.2327,186.81,0.06816,2.2548,10.915,0.10067,0.5307,0.12818,0.6075,0.36274
1350000,0.32467,0.66349,1.9062,186.61,0.10754,2.1502,8.5366,0.1174,0.23986,0.11164,0.59718,0.46906
1350080,0.25265,0.68797,2.177,224,0.11434,2.2261,10.364,0.11524,0.33242,0.13195,0.57532,0.50454
1350140,0.28374,0.59394,3.0108,237.95,0.1682,2.0755,6.7729,0.17598,0.34734,0.19058,0.63494,0.5655
1365000,0.37869,0.70577,1.61,165.9,0.036786,2.3309,16.069,0.088842,0.76519,0.10549,0.58406,0.34385
1411300,0.17166,0.8135,1.3501,189.22,0.053953,3.4193,21.735,0.089516,1.2819,0.22607,0.46118,0.2259
1413500,0.29413,0.62249,1.4887,185.73,0.079251,1.9576,11.37,0.10334,0.29249,0.10263,0.57246,0.41451
1414500,0.32713,0.59861,1.5083,198.66,0.069783,1.9083,11.43,0.10674,0.5913,0.19081,0.58847,0.38548
1415000,0.29388,0.561,1.8237,201.78,0.11703,1.7307,8.5231,0.12756,1.0305,0.33193,0.61496,0.4321
1423000,0.29794,0.56483,1.7462,178.95,0.10111,1.988,9.4829,0.10742,0.34853,0.10292,0.59937,0.44389
1434025,0.38898,0.69055,1.1361,203.65,0.04243,2.4541,12.714,0.12052,0.56239,0.14404,0.60841,0.34932
1435000,0.40916,0.70883,0.97884,177.98,0.027109,2.7222,16.053,0.085988,1.5537,0.43402,0.59522,0.31368
1439500,0.30076,0.58589,1.9145,178.48,0.064882,2.0899,12.076,0.10328,0.42429,0.12401,0.54108,0.38964
1440000,0.28847,0.59881,1.5984,177.26,0.055132,2.755,13.769,0.09909,0.82922,0.12816,0.56292,0.36659
1440400,0.32078,0.57968,1.4562,158.55,0.04832,2.4001,14.771,0.098183,0.36569,0.11255,0.56664,0.37275
1451800,0.28916,0.50596,1.7859,198.96,0.10708,1.8924,9.8714,0.13316,0.69432,0.13758,0.5814,0.40406
1466500,0.092606,0.87787,1.0393,257.06,0.052806,4.2489,40.717,0.066548,0.19874,0.12492,0.43445,0.15435
1484100,0.17472,0.71983,1.6791,237.45,0.012585,4.5726,68.628,0.082448,0.48721,0.11599,0.5057,0.27173
1485500,0.17966,0.46825,2.2813,157.04,0.20171,2.0061,7.2316,0.16821,0.73586,0.29713,0.52102,0.52446
1486000,0.20766,0.51747,1.5268,174.71,0.12437,2.4997,14.278,0.1301,0.66474,0.16019,0.60244,0.44502
1487000,0.17548,0.71537,1.6211,158.34,0.020681,3.6307,29.493,0.054539,0.65097,0.25393,0.4678,0.27689
1491000,0.19744,0.65433,2.0093,143.96,0.083276,2.6393,17.308,0.11797,0.59186,0.14806,0.53167,0.39995
1510000,0.3593,0.56364,1.5906,143.65,0.10126,2.2929,9.949,0.1141,0.4089,0.11479,0.65057,0.43445
1516500,0.19363,0.537,2.8578,222.62,0.18671,1.8412,8.2796,0.18579,0.4923,0.17874,0.60077,0.55221
1518862,0.25046,0.5149,3.0766,166.73,0.17623,1.7745,6.976,0.17009,0.53956,0.197,0.63536,0.5582
1532000,0.26032,0.46531,2.4769,183.72,0.17373,2.0873,8.7443,0.14805,1.0912,0.30837,0.62011,0.50015
1539000,0.29624,0.52358,1.5467,153.82,0.095833,2.1719,10.273,0.11027,0.48705,0.17421,0.57639,0.39745
1542810,0.32335,0.49852,2.3355,166.86,0.1821,1.782,6.8283,0.19001,0.93109,0.21452,0.68927,0.55278
1543000,0.31938,0.51627,2.347,155.24,0.1576,1.7831,7.0583,0.15484,0.43769,0.17252,0.65576,0.50888
1543500,0.31225,0.527,2.4353,158.32,0.14324,1.885,7.4637,0.1378,0.47672,0.163,0.65102,0.50359
1544500,0.28421,0.55,1.9577,138.06,0.11053,1.7449,9.7863,0.12256,0.94415,0.35512,0.58005,0.48446
1545600,0.25145,0.59114,2.7786,178.11,0.098078,1.7649,10.819,0.11751,0.4206,0.12175,0.55882,0.47722
1547700,0.25481,0.49204,2.9471,157.85,0.14754,1.8176,9.0921,0.14867,0.90459,0.39295,0.59592,0.55562
1548500,0.27022,0.56313,2.3556,150.2,0.11209,1.7601,9.7616,0.11753,0.65118,0.27994,0.59614,0.46417
1549500,0.26629,0.51847,2.9391,173.54,0.10801,1.9275,10.593,0.14721,0.4561,0.16828,0.58787,0.49508
1550000,0.29817,0.52217,2.3214,159.94,0.093462,1.9784,10.756,0.13331,0.42737,0.14132,0.59423,0.44537
1552000,0.30563,0.4911,2.0419,173.07,0.094898,2.2379,10.183,0.11931,0.47057,0.23617,0.61628,0.40861
1552500,0.32424,0.49949,1.8312,137.18,0.09157,1.9715,9.8465,0.1481,0.84258,0.17197,0.60208,0.41758
1557500,0.30643,0.55148,1.9232,133.9,0.082844,2.1361,12.808,0.11954,0.68214,0.15371,0.59817,0.4462
1567500,0.22689,0.5609,1.2897,195.06,0.10135,2.4488,15.202,0.13692,0.51473,0.16628,0.56313,0.33744
1568000,0.255,0.54841,1.8734,208.7,0.11245,2.576,15.077,0.11238,0.50858,0.16157,0.59821,0.41602
1580000,0.20083,0.73356,1.2447,270.97,0.038279,5.4727,24.815,0.078369,0.98488,0.16137,0.52804,0.225
1583500,0.17777,0.72465,1.4852,250.88,0.047962,5.238,24.517,0.072086,0.27759,0.049851,0.52395,0.22732
1586610,0.196,0.67314,1.6873,213.09,0.064203,3.6842,23.489,0.08819,0.63051,0.17771,0.55523,0.27539
1591400,0.18448,0.66902,1.6981,220.25,0.11689,4.1892,13.329,0.10434,0.99545,0.14333,0.56965,0.2592
1594950,0.33968,0.55934,3.0934,142.75,0.11367,1.7226,8.6166,0.17126,1.5863,0.19589,0.71843,0.66168
1596500,0.30516,0.51501,2.4342,134.17,0.16752,1.9095,7.5883,0.16875,1.2455,0.2176,0.67121,0.5642
1605500,0.19446,0.62228,1.2175,179.96,0.1427,2.3166,14.624,0.10257,1.121,0.40743,0.61765,0.35974
1606500,0.24102,0.59808,1.5524,165.53,0.15911,2.2079,10.372,0.10401,1.4699,0.23825,0.67016,0.43136
1613050,0.26286,0.511,4.3638,149.42,0.19428,1.7852,8.3097,0.20824,0.65877,0.21094,0.65076,0.69959
1620500,0.27713,0.56347,2.4427,179.17,0.12389,1.6981,9.6412,0.14947,0.38722,0.12613,0.57754,0.57034
1632000,0.20439,0.51714,2.4416,148.88,0.17813,1.7511,10.883,0.15037,1.5529,0.47126,0.63319,0.60046
1632900,0.15367,0.51739,1.5013,175.91,0.1264,3.0757,28.946,0.085761,0.72658,0.142,0.55293,0.33873
1634500,0.19121,0.50217,2.0244,149.76,0.16383,2.2311,14.458,0.13934,1.9873,0.60043,0.57531,0.42929
1638480,0.20542,0.54838,3.6596,210.48,0.35613,2.4894,9.3972,0.16361,2.0656,0.21704,0.62467,0.51764
1639500,0.21961,0.56854,1.451,213.96,0.11647,3.4107,17.079,0.12599,0.68665,0.17926,0.61524,0.31882
1644000,0.19488,0.54461,3.5565,202.85,0.20697,2.4479,10.618,0.1303,1.3383,0.20467,0.59185,0.53
1658500,0.20815,0.5273,2.711,234.35,0.42469,2.3739,8.218,0.24951,1.1922,0.278,0.71455,0.54334
1664000,0.19615,0.56686,2.5421,183.66,0.14278,2.8193,11.772,0.10904,0.50773,0.1607,0.55266,0.41425
1666500,0.20287,0.58222,1.6911,157.64,0.092453,2.9432,17.073,0.10462,0.54542,0.14096,0.53343,0.32574
1667500,0.19689,0.5785,1.7943,160.87,0.12436,2.8084,13.726,0.11551,0.40212,0.13887,0.54597,0.36839
1669000,0.15535,0.62185,3.0046,206,0.23541,2.5781,5.7087,0.16025,0.21685,1.2689,0.52061,0.36113
1669520,0.15408,0.62248,3.2509,192.15,0.11752,1.6863,9.2799,0.17873,0.31932,0.18441,0.45261,0.46989
2011400,0.18681,0.62282,1.3314,225.64,0.13229,2.1998,14.857,0.10461,0.71762,0.26062,0.61682,0.38619
2011460,0.29646,0.56377,2.2484,163.69,0.17587,1.9276,7.7176,0.14178,0.66809,0.19745,0.69801,0.52221
2013000,0.21174,0.51499,1.7031,116.91,0.18991,2.1349,11.552,0.13792,0.95624,0.43681,0.64967,0.44806
2014000,0.20309,0.59188,1.509,120.72,0.11397,2.0886,14.331,0.10605,1.4849,0.26583,0.59445,0.38963
2015700,0.26144,0.63834,1.0056,143.88,0.090429,2.481,16.504,0.11238,0.61239,0.2155,0.61498,0.31463
2016000,0.22532,0.57104,0.98339,137.5,0.17758,2.4939,13.233,0.10298,1.1122,0.21369,0.61256,0.37894
2017500,0.23248,0.55133,2.3829,133.84,0.13124,1.6207,10.55,0.11964,0.47427,0.15327,0.5922,0.48492
2018000,0.21799,0.57082,1.6012,135.35,0.13713,2.1097,13.278,0.10757,1.12,0.27868,0.59764,0.4294
2027000,0.2512,0.54817,2.2247,154.72,0.068627,2.1451,14.848,0.11163,0.44499,0.13642,0.53046,0.40882
2027500,0.26065,0.56867,2.3515,157.11,0.061324,1.9081,14.939,0.098026,0.53896,0.12746,0.51839,0.42294
2028500,0.23268,0.5737,2.0079,181.41,0.07752,2.1472,14.411,0.12316,0.48931,0.16182,0.54206,0.43893
2038850,0.15406,0.62689,1.7514,260.07,0.25778,3.6404,13.048,0.15078,0.72056,0.17962,0.54916,0.31256
2046000,0.15554,0.59094,2.5022,237.7,0.32327,2.1411,8.1181,0.21082,0.92342,0.22909,0.60156,0.57735
2051000,0.15139,0.59397,2.4939,236.78,0.6442,2.5217,7.3956,0.20467,0.86509,0.27614,0.6526,0.48188
2051500,0.15357,0.58926,1.7648,252.32,0.57676,3.0814,8.4916,0.13747,0.75049,0.17442,0.59755,0.41176
2053200,0.1244,0.51897,3.6604,215.31,0.2935,1.3492,4.6496,0.26654,0.32335,0.28063,0.48231,0.7303
2053800,0.16659,0.6495,1.334,202.8,0.14099,2.7533,17.24,0.11199,0.84577,0.17962,0.55827,0.31666
2055100,0.17043,0.61607,1.3243,170.09,0.15132,2.8711,17.715,0.11018,0.41521,0.19037,0.52641,0.33944
2056900,0.178,0.6971,1.7517,209.68,0.10044,3.6138,19.157,0.096384,0.81265,0.17723,0.55596,0.28379
2059500,0.15548,0.68413,1.022,202,0.21644,3.5098,19.83,0.1188,0.63582,0.18156,0.5618,0.28925
2064000,0.1728,0.64974,1.5565,245.45,0.25564,3.7214,16.147,0.12655,1.0174,0.23475,0.57483,0.2955
2065500,0.16342,0.66385,1.5376,288.24,0.21705,4.294,16.93,0.1215,0.70953,0.16844,0.54704,0.26654
2069700,0.19938,0.78192,0.8714,195.26,0.035977,4.4294,27.606,0.072881,1.0383,0.31367,0.53406,0.22671
2070000,0.18101,0.75886,0.75891,219.19,0.069809,5.0294,23.979,0.075934,0.64783,0.14179,0.53306,0.19879
2074500,0.17204,0.6889,0.64773,192.13,0.17417,4.2798,21.121,0.12872,1.0113,0.19154,0.57941,0.21636
2077200,0.19776,0.53278,3.7275,223.99,0.26381,2.0691,10.786,0.263,1.1003,0.29382,0.69195,0.70359
2081500,0.17738,0.4561,3.6219,294.5,0.62091,2.0823,8.6994,0.23454,1.5382,0.27302,0.69426,0.71153
2082950,0.15059,0.52056,2.5481,281.14,0.40298,2.5557,8.9966,0.14642,1.4095,0.29333,0.58856,0.48547
2092500,0.12015,0.56115,2.7621,185.61,0.19639,1.51,7.552,0.18547,0.32406,0.19355,0.43949,0.60812
2096846,0.16406,0.4404,3.9961,218.47,0.61719,2.2153,9.3271,0.24999,0.98088,0.33378,0.73147,0.77141
2102908,0.20763,0.67867,1.1637,117.72,0.085307,5.1914,7.5379,0.087559,0.58059,0.10683,0.51804,0.18123
2108000,0.13656,0.52938,3.0927,218.21,0.14696,1.4386,7.5503,0.15517,0.21597,0.15921,0.45678,0.48213
2111180,0.25794,0.77859,1.3688,203.67,0.033969,3.1907,20.076,0.10053,0.6707,0.17134,0.55609,0.27714
2111500,0.20314,0.83206,1.0441,228.96,0.029674,4.8381,25.717,0.07515,0.52466,0.14033,0.52581,0.22034
2112120,0.19373,0.80012,0.74329,260.15,0.051288,4.4916,24.267,0.082563,0.48749,0.149,0.53198,0.2298
2112360,0.20966,0.82518,1.4573,218.97,0.021587,5.1352,18.25,0.075551,0.84757,0.14256,0.50081,0.19724
2118500,0.18024,0.74931,1.2163,228.95,0.099451,4.5345,18.631,0.096787,0.92108,0.32667,0.55618,0.24431
2125000,0.21785,0.41088,3.5015,145.54,0.49396,1.9716,8.8595,0.30494,2.1332,0.35093,0.72976,0.85957
2128000,0.19967,0.60207,2.7635,221.7,0.55923,2.8156,6.7407,0.25475,1.7638,0.30371,0.68764,0.47444
2137727,0.24672,0.8138,1.1228,237.09,0.017657,4.3879,28.714,0.076592,0.91772,0.25571,0.55462,0.24503
2140991,0.25706,0.78037,1.1106,176.52,0.031943,3.6255,21.181,0.084163,0.75812,0.12352,0.55883,0.24994
2143000,0.20417,0.74828,0.80481,277.85,0.048802,4.0638,19.704,0.089931,0.94427,0.14815,0.53566,0.25244
2143040,0.23761,0.74407,1.493,238.89,0.066891,3.3644,13.998,0.11677,0.69476,0.23266,0.57168,0.31141
2149000,0.21797,0.81397,0.69405,277.19,0.019326,4.7153,25.029,0.079848,0.40343,0.12792,0.54988,0.24325
2152100,0.18686,0.83414,1.1243,291.29,0.060007,4.0676,23.423,0.098481,0.73154,0.16164,0.54704,0.25589
2177000,0.32551,0.87014,1.0012,318.91,0.0019649,4.7944,27.088,0.054566,0.22436,0.11097,0.61033,0.24674
2178400,0.33963,0.86114,1.1413,241.71,0.0035764,4.037,29.08,0.059026,0.85939,0.11534,0.59738,0.23422
2193340,0.13195,0.54827,3.5624,247.89,0.59503,2.6413,12.014,0.28533,1.3726,0.33043,0.60143,0.46331
2196000,0.11395,0.39363,2.9926,327.64,1.0697,2.2245,7.6938,0.21054,1.4784,0.38644,0.66121,0.61803
2198100,0.13843,0.43656,1.3738,201.19,0.57507,2.795,17.951,0.19744,0.83549,0.33873,0.57142,0.40303
2202600,0.080722,0.48836,4.2398,217.84,0.32574,1.3884,5.3256,0.25302,0.51715,0.24273,0.38248,0.98457
2212600,0.13252,0.44706,3.3902,283.48,0.56178,2.2561,9.9157,0.20863,1.0704,0.24484,0.6006,0.63229
2215100,0.12181,0.52824,2.7572,237.85,0.30892,2.5439,11.634,0.13538,0.6211,0.28559,0.46556,0.52013
2216180,0.14783,0.32335,4.9965,170.83,0.26281,1.4553,8.5169,0.32537,0.73683,0.34775,0.56828,0.81659
2221525,0.12416,0.59114,1.7609,259.87,0.32281,2.9831,16.567,0.13616,0.67209,0.18062,0.54854,0.4034
2231000,0.10022,0.52112,2.1183,232.2,0.22897,1.8389,10.359,0.10305,0.17715,0.13236,0.50819,0.53999
2231342,0.14101,0.70966,3.1171,182.3,0.17934,1.2906,6.9871,0.21729,0.20594,1.1634,0.56968,1.0045
2235200,0.05447,0.46208,2.2712,306.66,0.072912,1.6286,24.389,0.05369,0.07482,0.057638,0.45406,0.46851
2245500,0.13951,0.64558,1.546,208.01,0.30777,2.4791,11.65,0.1618,0.64238,0.16639,0.58637,0.38608
2246000,0.13875,0.63107,1.7041,185.35,0.24984,1.9887,9.0369,0.16375,0.74159,0.43065,0.54711,0.4056
2296500,0.1056,0.62739,2.8761,268.77,0.184,1.3191,8.4606,0.12411,0.13153,0.21209,0.53063,0.70041
2297155,0.092222,0.87119,3.1736,290.54,0.22315,1.4577,9.139,0.2103,0.37215,0.18062,0.53673,0.82841
2297310,0.11355,0.85491,3.6979,300.13,0.20807,1.4654,8.6774,0.14882,0.23692,0.14133,0.50286,0.67584
2298123,0.14455,0.83326,2.9806,281.03,0.16184,1.4912,10.124,0.12878,0.12354,0.49307,0.56983,0.54531
2298608,0.16328,0.86625,2.3933,277.86,0.18146,1.4903,8.282,0.17372,0.35138,0.16636,0.48763,0.59417
2299950,0.16267,0.96883,1.5763,219.03,0.30301,1.8826,7.7156,0.21027,0.72878,0.38094,0.52591,0.50286
2300700,0.21642,0.64161,1.5154,188.97,0.2001,1.9277,8.3608,0.27339,0.86848,0.21483,0.57069,0.36344
2310947,0.054785,0.44235,4.9981,272.99,0.11983,1.0331,9.9226,0.11589,0.078577,0.12871,0.50909,1.3706
2312200,0.052455,0.43627,4.0198,332.29,0.11755,1.3379,14.386,0.10904,0.078137,0.1344,0.43826,0.8235
2314500,0.078118,0.48929,4.3895,287.15,0.085508,1.2126,12.798,0.075641,0.051542,0.070813,0.42065,0.65924
2315500,0.070043,0.49648,2.5989,299.34,0.097927,1.3512,14.11,0.071864,0.025066,0.069704,0.44433,0.66431
2324400,0.061131,0.61662,2.8774,359.03,0.10646,1.3641,11.033,0.091978,0.093049,0.13601,0.45553,0.77411
2327100,0.18609,0.74206,2.6407,289.11,0.20773,1.1972,5.1205,0.20493,0.40594,0.20085,0.48739,0.77008
2342933,0.15599,0.55422,3.5091,301.89,0.44523,2.3698,8.1358,0.21781,0.87034,0.25776,0.59555,0.60825
2349900,0.13584,0.53157,1.8013,234.23,0.2923,2.7476,17.691,0.14165,0.51067,0.2372,0.53205,0.48212
2350900,0.11477,0.65596,1.9541,286,0.21467,3.1601,9.0927,0.10907,0.63825,0.22094,0.4387,0.33802
2361000,0.15516,0.66715,1.7058,258.81,0.16138,2.7811,10.415,0.12577,0.54387,0.13943,0.50422,0.35895
2363000,0.12313,0.56786,2.5616,284.68,0.27124,2.127,6.2198,0.15259,0.64578,0.22838,0.44854,0.53507
2369800,0.17993,0.72503,0.95195,359.79,0.11588,3.2307,11.233,0.13194,1.1542,0.31802,0.53474,0.28786
2371500,0.13089,0.61199,2.2644,258.86,0.21742,2.2348,7.2391,0.12778,0.80471,0.24004,0.45108,0.4799
2372250,0.14487,0.61464,1.9941,253.75,0.25993,2.5148,6.7661,0.13949,0.49285,0.27547,0.47163,0.45265
2374500,0.1869,0.73361,1.0555,306.74,0.083686,4.876,14.961,0.10353,1.1826,0.32406,0.56888,0.24772
2381600,0.18944,0.85609,1.0172,426.55,0.11889,3.6089,11.161,0.16141,1.6674,0.23971,0.54873,0.29054
2384540,0.27626,0.62434,1.8416,328.43,0.092471,2.296,8.8219,0.16101,0.67803,0.21638,0.60869,0.43261
2395120,0.18009,0.65517,1.5879,222.51,0.064833,2.6934,26.552,0.1305,0.8704,0.17747,0.53563,0.29476
2408540,0.20624,0.66694,1.7306,290.91,0.13889,3.317,11.255,0.11752,0.72089,0.14799,0.5951,0.37918
2415000,0.2111,0.68154,2.3824,276.08,0.090512,3.5061,14.559,0.11698,0.80157,0.34246,0.58129,0.39866
2422500,0.1809,0.6955,1.0883,302.18,0.13898,3.9603,26.927,0.10544,0.59502,0.12307,0.57667,0.30774
2427250,0.17657,0.55875,1.2082,216.57,0.45814,2.933,11.797,0.16002,1.7227,0.65692,0.59806,0.41392
2430085,0.25049,0.64393,1.375,265.11,0.13832,2.709,10.025,0.17222,1.1976,0.30072,0.62531,0.38407
2430615,0.23115,0.73289,0.95343,247.27,0.14006,3.7562,8.0567,0.14322,1.1175,0.2781,0.58261,0.29279
2450250,0.24359,0.53112,2.6011,260.29,0.18515,2.0117,8.7218,0.15946,1.0694,0.22895,0.63038,0.59727
2464000,0.22688,0.50465,2.523,260.5,0.20187,2.0879,7.7477,0.16583,1.0063,0.22107,0.62732,0.62832
2464146,0.21054,0.71322,1.2328,241.02,0.099296,2.797,14.639,0.13947,1.13,0.41572,0.58386,0.34102
2464360,0.21944,0.65573,1.1578,247.68,0.1284,3.4545,11.682,0.15023,0.72734,0.18947,0.61641,0.30821
2465493,0.15832,0.71466,1.2232,272.88,0.091659,3.67,18.602,0.1237,1.1572,0.24126,0.55331,0.22786
2469800,0.19155,0.56412,2.289,290.53,0.3478,2.8443,10.27,0.14147,0.67882,0.20385,0.61909,0.49238
2472000,0.16295,0.56928,0.99231,253.39,0.55019,3.175,9.7829,0.12861,0.82691,0.36367,0.51,0.44909
2472500,0.16771,0.72533,0.54049,257.85,0.23344,5.3244,20.086,0.13354,0.94192,0.3839,0.54611,0.24861
2479155,0.22799,0.64937,1.6452,193.19,0.37078,2.7741,7.7057,0.2082,0.90203,0.30291,0.66761,0.4251
2479300,0.21468,0.71862,0.94888,240.27,0.15454,3.4644,9.704,0.10463,0.52244,0.22557,0.55832,0.33382
2479560,0.20231,0.67295,1.3048,238.87,0.18325,2.2468,7.2781,0.13959,0.32834,0.19193,0.53219,0.39732
2481000,0.2707,0.678,2.5963,228.18,0.30438,2.0376,5.0157,0.2185,2.4591,0.72171,0.68631,0.55638
2481510,0.23202,0.70669,1.2769,245.62,0.21813,2.6028,7.9519,0.15543,0.75885,0.17976,0.62597,0.41294
3010655,0.27206,0.528,1.7742,181.97,0.11487,1.7319,9.554,0.11074,0.56591,0.13774,0.59948,0.47424
3011800,0.35041,0.52698,1.6576,188.97,0.080894,2.0906,10.524,0.12136,0.52498,0.15627,0.65346,0.39494
3015500,0.36508,0.45264,1.3706,175.46,0.14377,2.4445,6.9164,0.14252,0.60823,0.16739,0.67902,0.41537
3021350,0.44776,0.38922,2.2165,252.45,0.16941,2.2575,5.4793,0.18166,0.58059,0.1901,0.71585,0.49864
3026500,0.3234,0.54605,1.7164,171.38,0.11036,1.8925,8.9146,0.13582,0.49223,0.15472,0.65512,0.44366
3028000,0.36434,0.53645,1.5499,139.68,0.096737,1.8069,9.1927,0.12166,0.64065,0.14925,0.64504,0.40728
3049000,0.24605,0.45045,2.1014,147.86,0.16717,1.9359,8.4407,0.14307,0.75926,0.17901,0.62986,0.48491
3049800,0.24083,0.54263,2.8121,153.82,0.29254,2.0713,6.2541,0.2609,2.1032,0.28566,0.68022,0.51339
3050000,0.38908,0.55372,2.7455,141.99,0.19357,1.78,5.2641,0.20572,2.0369,0.53793,0.78144,0.57749
3066000,0.41436,0.5861,1.8966,292.78,0.1378,2.1879,5.8576,0.16526,0.58034,0.19152,0.74536,0.49434
3069500,0.45461,0.59674,2.1109,147.03,0.14756,1.9885,5.3342,0.16091,0.66006,0.23922,0.76145,0.44796
3070500,0.40186,0.48653,2.4893,139.52,0.1523,1.8213,6.197,0.15674,0.55742,0.19551,0.73232,0.53612
3076600,0.33336,0.5139,2.1565,252.93,0.10649,2.0582,9.8235,0.12743,0.41021,0.13893,0.68023,0.48001
3078000,0.37833,0.50833,2.5122,157.62,0.11552,2.3047,8.0071,0.1435,0.36668,0.17635,0.69921,0.50853
3140000,0.21674,0.51972,2.8156,178.05,0.25667,2.1634,8.5783,0.1743,1.9149,0.20089,0.66651,0.54455
3144000,0.24816,0.55083,2.5644,161.39,0.21823,2.2968,10.334,0.14742,1.0409,0.35681,0.67175,0.49395
3159540,0.2635,0.48999,3.511,148.85,0.37404,1.9412,5.4642,0.27141,0.8707,0.29846,0.76003,0.66906
3161000,0.27087,0.76412,0.89173,180.72,0.010667,5.2512,29.051,0.064545,1.1144,0.13387,0.56521,0.20262
3164000,0.23057,0.72403,0.76791,182.97,0.055837,4.16,18.15,0.074249,1.1221,0.15551,0.55826,0.23696
3165000,0.23889,0.73894,1.1995,160.57,0.016554,4.8326,22.713,0.087598,0.47331,0.13686,0.52241,0.19494
3170000,0.17379,0.7213,1.1931,176.08,0.12939,4.2711,16.592,0.085523,0.93187,0.13214,0.54106,0.23552
3173000,0.20903,0.56851,1.4753,136.22,0.15888,2.3358,14.203,0.1035,0.57773,0.17904,0.62263,0.40978
3180500,0.39267,0.54923,2.3634,145.36,0.13218,1.8218,7.1134,0.16009,0.57968,0.17963,0.73439,0.51542
3182500,0.33355,0.5324,2.0672,135.94,0.17311,1.9151,6.6651,0.15946,0.46737,0.20016,0.72571,0.51496
3186500,0.45585,0.53024,2.5487,122.1,0.1493,1.7826,5.3409,0.17049,0.94604,0.22105,0.74948,0.53392
3187500,0.46766,0.52837,2.5766,122.66,0.14194,1.7093,5.372,0.18721,0.77786,0.21725,0.73215,0.51197
3213700,0.20372,0.65832,1.9106,206.98,0.20592,2.8423,11.931,0.10344,1.2306,0.30421,0.62474,0.40472
3237280,0.24153,0.57329,4.3438,191.06,0.29687,1.6049,4.7008,0.36592,1.444,0.37972,0.72328,0.98992
3237500,0.3002,0.48595,3.9145,183.88,0.4339,1.9144,5.5136,0.26523,1.0695,0.30563,0.81309,0.76024
3238500,0.33323,0.5326,2.4495,156.63,0.76105,1.9046,4.9568,0.43206,1.8801,0.39623,0.84463,0.7515
3241500,0.22026,0.59709,1.8917,146.59,0.17571,2.339,12.499,0.13712,0.93945,0.17626,0.62203,0.47155
3280700,0.21584,0.57455,2.7226,287.31,0.21621,1.9552,7.2751,0.19006,1.1916,0.22127,0.64958,0.54361
3281100,0.2098,0.47867,3.2278,326.31,0.23415,1.7407,7.6936,0.2112,1.0431,0.26094,0.67959,1.0445
3281500,0.2402,0.50861,2.63,218.61,0.26084,1.9083,5.7967,0.20109,1.7079,0.22272,0.65344,0.58985
3285000,0.28062,0.48147,3.8113,190.95,0.27582,1.7165,5.467,0.23533,0.80739,0.26354,0.70237,0.73248
3291780,0.31501,0.60465,4.1105,144.26,0.3446,1.725,5.4818,0.31949,0.94133,0.33604,0.75344,0.92916
3300400,0.29669,0.51408,3.7609,166.81,0.31738,1.825,7.0322,0.25074,1.3,0.25653,0.7509,0.88314
3338780,0.2413,0.6141,2.093,124.55,0.18735,2.356,11.819,0.15167,0.77685,0.32417,0.5919,0.54862
3340800,0.21508,0.60166,2.1467,150.17,0.25602,2.3198,11.698,0.15969,1.3739,0.47109,0.62929,0.60339
3346000,0.21802,0.65073,2.69,201.67,0.88697,2.1327,6.1216,0.27828,0.92293,0.2337,0.69219,0.7483
3357350,0.23909,0.55156,2.8902,140.07,0.24227,1.8504,7.3705,0.25925,1.4183,0.28377,0.65305,0.59227
3364500,0.24021,0.61744,2.9382,166.28,0.2497,2.0257,8.0211,0.2496,1.6571,0.26548,0.66689,0.70639
3366500,0.28074,0.56477,2.7466,203.54,0.56683,2.057,5.2781,0.24897,1.1051,0.2712,0.75002,0.67225
3368000,0.30064,0.60444,3.4502,145.42,0.58583,1.8702,6.1941,0.3662,0.90111,0.39202,0.73929,0.88404
3384450,0.25365,0.57859,3.4954,266.51,0.30824,1.8117,7.9255,0.23681,2.3147,0.66221,0.69776,0.91219
3439000,0.35207,0.75927,0.82442,302.6,0.0015009,4.5185,34.296,0.055152,1.3137,0.11507,0.60891,0.22679
3450000,0.26656,0.70128,1.9267,216.23,0.068436,2.2415,10.948,0.14373,0.54836,0.15034,0.5772,0.38013
3455500,0.37984,0.62258,1.0835,177.3,0.006888,3.4547,21.806,0.089317,0.98907,0.26735,0.65382,0.27227
3456500,0.31781,0.63673,1.0282,215.89,0.014852,2.9418,24.361,0.079265,1.2759,0.29708,0.58502,0.28414
3460000,0.29708,0.66212,1.0161,148.6,0.02107,2.8278,21.828,0.069507,0.38046,0.11141,0.61039,0.24378
3463300,0.39875,0.79294,0.95827,115.33,0.015894,3.0606,18.082,0.10003,0.48624,0.13697,0.59457,0.28823
3471500,0.22318,0.64304,0.77356,142.71,0.062859,2.6097,19.139,0.079112,0.37532,0.14919,0.57727,0.30404
3473000,0.25553,0.6577,0.87269,142.77,0.080464,2.6639,13.898,0.092751,0.44112,0.1049,0.61424,0.31304
3479000,0.27537,0.63691,1.1984,179.19,0.048557,3.0004,17.593,0.098198,0.77948,0.2509,0.60992,0.28309
3488000,0.25242,0.54295,1.4366,142.08,0.13792,2.4365,11.42,0.11538,0.69941,0.25127,0.66426,0.40402
3498500,0.26682,0.61774,1.3329,224.38,0.080672,2.7674,11.442,0.09634,0.8245,0.1759,0.64009,0.32962
3500000,0.29034,0.8342,1.2362,309.91,0.0032609,4.7118,31.099,0.051693,0.57459,0.11963,0.605,0.24194
3500240,0.27556,0.78272,1.0218,269.13,0.0071787,4.2929,30.733,0.066769,0.32419,0.13657,0.60807,0.26121
3504000,0.40908,0.79598,1.099,207.39,0.0027926,3.8846,30.365,0.054056,0.79506,0.20012,0.62176,0.24466
3574500,0.28316,0.43957,2.7355,219.63,0.16383,2.2788,8.9398,0.15815,0.61365,0.17909,0.62928,0.6279
3592718,0.23133,0.63216,1.7841,229.92,0.17691,2.8638,9.4972,0.19294,0.96833,0.28639,0.62711,0.3791
3604000,0.21141,0.73115,0.56531,318.49,0.058931,3.38,21.682,0.074185,1.3336,0.4505,0.54112,0.24972
4015330,0.27037,1.2008,2.5603,135.82,0.35862,1.8878,7.8716,0.1806,0.39095,0.14005,0.60425,0.52183
4024430,0.16966,0.91255,1.4598,115.89,0.22265,2.1645,13.086,0.12577,0.48155,0.19489,0.47014,0.39725
4027000,0.18363,1.0483,1.2691,138.68,0.22076,2.396,12.605,0.11672,0.52109,0.17905,0.49962,0.31094
4040500,0.21612,1.4313,2.6807,145.84,0.15726,1.7669,9.5995,0.12648,0.33433,0.13926,0.51855,0.37401
4043050,0.29309,1.5182,1.4371,122.1,0.095302,2.6397,19.878,0.12966,0.33129,0.16656,0.46035,0.26724
4045500,0.17291,1.2059,1.692,242.57,0.084931,1.9378,15.956,0.071668,0.027247,0.077946,0.43929,0.26729
4056500,0.19602,1.0693,1.053,161.99,0.060525,3.52,25.613,0.045182,0.061987,0.02774,0.41206,0.22085
4057510,0.1608,1.0296,1.2771,143.68,0.10656,2.5647,16.484,0.07186,0.10899,0.064925,0.43391,0.2519
4057800,0.20684,1.5913,2.2329,140,0.11806,2.0528,13.77,0.11225,0.41311,0.20656,0.50021,0.32345
4059500,0.1341,1.343,2.2842,146.19,0.15314,1.7219,11.252,0.083401,0.095819,0.13046,0.43651,0.39512
4063700,0.12825,1.0878,1.2851,131.5,0.14672,2.0094,14.332,0.087101,0.13244,0.082084,0.44131,0.28031
4074950,0.137,0.66471,0.52475,110.69,0.099011,3.3418,21.365,0.056619,0.051036,0.078236,0.39156,0.16395
4105700,0.16471,0.6524,0.83356,131.48,0.065877,3.1912,15.365,0.064818,0.40443,0.12321,0.44162,0.13294
4115265,0.14416,0.62746,1.0623,104.51,0.13317,3.7407,18.766,0.10077,0.81183,0.31241,0.46793,0.16251
4122200,0.15936,0.69757,0.47815,151.03,0.062013,5.9185,32.798,0.0375,0.11884,0.072672,0.39995,0.14062
4122500,0.16125,0.70929,0.40957,152.23,0.044327,6.2441,36.278,0.036146,0.2036,0.068097,0.38715,0.13203
4124000,0.18882,0.76377,0.61803,119.88,0.015591,7.9315,41.892,0.032147,0.12373,0.072278,0.39917,0.080618
4127918,0.20709,1.1272,0.95023,229.01,0.16506,2.953,17.167,0.10607,0.30615,0.16348,0.58499,0.26815
4127997,0.17982,0.81325,0.78812,128.69,0.03538,8.1112,35.402,0.043155,0.24543,0.083181,0.43074,0.075956
4161580,0.11045,0.56223,2.136,177.67,0.18332,1.8597,9.4149,0.17771,0.31712,0.16269,0.44072,0.33403
4185000,0.1762,0.45938,2.4533,135.02,0.31833,2.1113,8.3656,0.16328,0.26338,0.17222,0.50004,0.52913
4196800,0.22406,0.45053,2.6593,165.91,0.53217,1.6923,5.7776,0.28599,0.71299,0.31346,0.64246,0.77772
4197100,0.25591,0.42759,2.7055,181.92,0.51486,1.7237,6.191,0.25206,0.56298,0.28429,0.75513,0.70475
4197170,0.28077,0.45299,1.4506,160.98,0.92902,2.2604,8.9852,0.29204,1.2227,0.28492,0.8378,0.52667
4213000,0.37032,0.39686,2.3138,142,0.30402,2.043,4.4226,0.21871,0.46926,0.16138,0.73254,0.57051
4213075,0.31092,0.45727,1.4128,206.67,0.22176,2.6701,6.9521,0.19493,2.5508,0.26446,0.68198,0.37461
4216418,0.27959,0.49106,2.3543,159.07,0.15227,2.5098,8.0796,0.15916,1.5118,0.47905,0.60462,0.41299
4221000,0.25701,0.52269,1.968,183.43,0.12295,2.0674,10.394,0.11817,0.44251,0.14043,0.61821,0.45036
4224775,0.22236,0.51505,1.6268,133.85,0.16192,2.3558,10.617,0.14603,0.52102,0.18021,0.56949,0.40433
4233000,0.22576,0.55955,2.0066,168.21,0.13756,2.4914,10.953,0.13111,0.90497,0.16811,0.54833,0.37341
4256000,0.4266,0.85106,1.2577,167.19,0.074323,2.593,8.7864,0.12922,0.47976,0.1812,0.67663,0.3066
4296000,0.32438,0.94306,1.3672,191.79,0.12528,2.4451,8.4216,0.12884,0.27201,0.20044,0.66679,0.33567
5056000,0.02467,1.0688,2.7575,115.12,0.23938,1.6374,17.566,0.10797,0.040293,0.12812,0.22152,0.58211
5057000,0.031012,1.1743,2.6557,122.4,0.29425,1.8199,20.88,0.090584,0.085945,0.12503,0.24966,0.50111
5057200,0.020654,0.79271,3.4698,137.24,0.25178,1.5808,13.654,0.10895,0.17823,0.11087,0.22764,0.59687
5062500,0.062582,0.82113,1.8229,146.65,0.14887,1.9773,23.958,0.066255,0.25368,0.10126,0.35305,0.4186
5087500,0.065341,1.5498,3.1725,125.59,0.26448,1.4262,14.97,0.1792,0.45715,0.17692,0.35248,0.84639
5120500,0.013461,1.0675,5.1077,146.65,0.17653,1.3706,15.322,0.1108,0.19012,0.087259,0.21355,0.84368
5123400,0.020061,3.0786,4.6337,99.301,0.071153,0.92094,11.723,0.097362,0.061284,0.16266,0.29747,1.0842
5129115,0.12711,0.92918,1.8633,151.94,0.050743,1.9836,31.254,0.042683,0.04098,0.077505,0.39072,0.33352
5131500,0.13179,1.1671,1.8236,128.31,0.14433,1.7899,15.352,0.068497,0.10956,0.050137,0.45217,0.45582
5291000,0.047638,0.81991,2.1109,128.06,0.61267,2.1106,23.396,0.13963,1.1741,0.38016,0.37289,0.4877
5362000,0.18543,0.85747,1.7337,160.43,0.25308,1.9403,10.359,0.14425,0.27171,0.17609,0.53412,0.42106
5393500,0.2517,0.96585,1.7673,120.21,0.21421,1.9001,10.132,0.14178,0.32353,0.10751,0.58458,0.42023
5399500,0.17794,0.71281,2.1428,142.31,0.51706,1.7888,7.673,0.25212,0.47129,0.17831,0.59448,0.54069
5408000,0.11316,0.50141,1.4649,146.54,0.52107,5.8585,36.762,0.07552,0.52463,0.22954,0.41737,0.12329
5412500,0.14539,0.78323,1.2478,128.66,0.13382,2.888,27.563,0.077337,0.8684,0.17811,0.4862,0.3126
5413500,0.1121,0.53733,1.4627,168.84,0.35758,5.834,32.267,0.096211,0.90142,0.26139,0.43295,0.17082
5414000,0.1226,0.61377,0.98444,166.72,0.22227,5.1196,29.281,0.10857,0.28655,0.087202,0.45041,0.19112
5444000,0.14817,0.65692,1.2323,205.47,0.13343,3.987,42.763,0.077716,0.89533,0.1043,0.50544,0.24563
5454000,0.1666,0.76478,2.7156,166.09,0.16299,2.0076,14.888,0.16727,0.82858,0.19847,0.59702,0.64368
5458000,0.13251,0.88697,1.8315,128.35,0.16235,2.4995,25.376,0.1048,0.81946,0.34635,0.47349,0.38958
5466500,0.15784,0.77098,1.9783,195.26,0.1893,2.8688,22.245,0.089716,0.38374,0.12018,0.52419,0.46369
5487980,0.17727,1.0413,2.3958,145.36,0.73269,1.9226,8.3426,0.25371,1.2999,0.30748,0.65789,0.67335
5488200,0.18437,0.93527,4.4374,161.08,0.65376,1.8483,7.038,0.30656,1.348,0.32739,0.67169,0.77053
5489000,0.17032,1.0162,2.6165,159.29,0.72633,2.002,7.9246,0.29206,1.5193,0.30436,0.66801,0.66775
5495000,0.18529,0.86808,2.3393,147.98,0.70442,1.8322,6.645,0.25901,0.96283,0.41262,0.68643,0.68375
5495500,0.19169,0.92437,2.5287,169.34,1.0701,1.9404,6.0046,0.29907,1.1708,0.30272,0.71188,0.74819
5501000,0.18734,0.8851,3.0006,164.5,0.78009,1.9405,7.8848,0.27122,1.1334,0.31763,0.70007,0.68121
5503800,0.19198,0.99714,3.3469,183.36,1.0333,1.6017,5.5108,0.52655,1.2644,0.51063,0.71934,0.89875
5507600,0.18745,0.93911,3.7079,207.99,1.1576,1.5409,5.1979,0.4777,1.3874,0.44317,0.75573,1.2024
5508805,0.16831,0.87722,2.6782,168.37,0.80717,1.8946,8.9648,0.32761,0.862,0.30276,0.69923,0.77166
5514500,0.18643,0.93619,2.9484,190.68,1.0482,1.9581,7.0962,0.25868,1.0669,0.28281,0.69792,0.72425
5525500,0.19878,0.58538,2.2751,153.11,0.25526,2.1025,10.015,0.16179,0.76044,0.41656,0.57728,0.5988
5556500,0.17499,0.65085,2.73,182.97,0.13715,2.2222,17.441,0.12518,1.4487,0.14982,0.57142,0.59233
5584500,0.15321,0.85934,3.0906,234.05,0.42178,2.2109,10.175,0.1663,0.63903,0.22299,0.57585,0.61883
5585000,0.13455,0.92293,1.9541,172.97,0.69191,2.3411,10.695,0.17235,0.32999,0.16165,0.52654,0.59046
5591550,0.19816,0.62183,4.1729,161.67,0.19403,1.8495,12.267,0.21982,0.97245,0.24511,0.59959,0.73296
5592050,0.18742,0.77592,4.5087,166.21,0.37349,2.0886,11.486,0.21212,0.98556,0.27865,0.64,0.86055
5592575,0.21359,0.67808,3.9182,175.97,1.2402,1.8506,5.968,0.41234,1.0249,0.43534,0.73088,0.91227
5593575,0.22885,0.74157,2.6902,196.14,1.833,1.8626,5.1558,0.40217,1.2523,0.33135,0.77716,0.76193
5593900,0.21086,0.69218,4.0065,181.51,0.97636,1.8975,7.3937,0.37682,1.6166,0.41828,0.72044,0.86821
5595730,0.21723,0.68287,4.4632,200.93,1.0271,1.6496,5.5502,0.49808,1.4603,0.50983,0.74262,0.91673
6037500,0.19541,2.2291,1.2793,224.68,0.020006,10.273,53.064,0.034573,0.054396,0.03876,0.40848,0.099769
6043500,0.18935,3.9045,2.1531,111.68,0.061893,4.7081,83.778,0.03826,0.10645,0.054366,0.44653,0.29224
6154410,0.069781,0.95659,1.9338,39.057,0.11694,2.1998,99.508,0.097727,0.84145,0.24835,0.34943,0.23373
6188000,0.28709,15.41,2.5148,138,0.17374,3.5613,44.385,0.067373,0.15499,0.099694,0.47299,0.50835
6191500,0.21061,6.852,2.2278,139.4,0.025522,2.8486,87.349,0.029811,0.061806,0.031877,0.39796,0.35901
6221400,0.22886,12.888,3.6734,126.44,0.074592,2.577,27.514,0.092706,0.12429,0.088188,0.24308,0.67853
6224000,0.22592,9.3455,3.5411,84.004,0.046028,2.4528,45.473,0.070221,0.13371,0.090874,0.24778,0.57286
6278300,0.22819,10.5,2.4106,121.68,0.12176,2.1744,27.727,0.10951,0.20576,0.11422,0.35593,0.48998
6280300,0.21494,6.9672,2.3062,158.59,0.097271,3.9311,56.333,0.063545,0.12696,0.070216,0.34442,0.40369
6289000,0.12557,2.7905,2.3856,104,0.035985,4.3108,133.82,0.034601,0.079817,0.032531,0.301,0.23989
6291500,0.10441,3.0348,3.2012,133.24,0.061491,1.9703,47.822,0.06709,0.077887,0.05789,0.31832,0.30535
6311000,0.17332,5.7342,2.7367,81.641,0.42163,3.0513,69.236,0.098138,0.13673,NaN,0.42884,0.44182
6332515,0.011277,0.17644,3.3479,91.357,3.2191,1.5856,9.072,0.35483,0.53798,0.20238,0.33176,0.43068
6339100,0.012321,0.17092,2.6434,88.551,1.2603,1.4971,9.9726,0.27092,1.1654,0.28392,0.27674,0.64209
6339500,0.0078639,0.25762,3.3559,88.868,1.258,1.4936,10.066,0.22714,0.48337,0.25306,0.22156,0.50728
6344600,0.013271,0.19413,3.0945,88.174,0.65903,1.3024,6.4476,0.31534,0.54134,0.31516,0.28553,0.51543
6350000,0.0109,0.41727,2.6242,76.665,0.85606,1.5634,16.517,0.18033,1.0972,0.35862,0.26234,0.38972
6352000,0.01099,0.36294,3.505,129.73,0.71952,1.5299,16.326,0.19294,0.60493,0.21862,0.22919,0.54195
6353000,0.0101,0.37569,3.332,92.141,0.78552,1.4755,16.219,0.15594,0.37184,0.1785,0.26949,0.8959
6354000,0.013044,0.38902,3.9291,90.463,0.99458,1.5691,12.382,0.14359,0.39251,0.14724,0.29855,0.74371
6360500,0.0175,0.50428,3.7243,88.941,0.8025,1.4072,9.9481,0.21901,0.61592,0.23881,0.3414,0.96255
6404000,0.053095,1.2905,3.2998,89.567,0.40697,1.7063,11.956,0.19868,0.41129,0.21063,0.50822,0.5917
6406000,0.032338,0.6444,3.2976,76.669,0.63478,2.634,109.31,0.11741,0.17453,NaN,0.3997,0.45615
6408700,0.096358,0.48299,0.97718,15.878,0.22311,8.5868,NaN,0.022329,0.099071,0.029976,0.27143,0.14137
6409000,0.031492,0.58335,1.6052,76.434,1.7988,4.2887,40.931,0.083238,0.22016,0.066055,0.30029,0.19876
6431500,0.061669,0.71911,1.8267,75.543,0.28549,5.3557,76.587,0.049669,0.16321,0.049446,0.32191,0.14602
6440200,0.033876,0.86397,2.6831,116.53,0.91525,1.1362,2.8955,0.51795,0.64994,NaN,0.63197,0.90804
6441500,0.019751,0.51261,3.4633,118.2,1.0072,1.3462,13.227,0.26632,0.33234,0.63388,0.42914,0.96323
6447000,0.022128,0.76342,2.6705,70.456,2.5914,1.6525,6.1653,0.32955,0.41776,NaN,0.60124,0.64198
6447500,0.013104,0.36395,1.2005,95.77,5.5331,2.7233,20.724,0.11102,0.56425,0.17877,0.24542,0.24354
6450500,0.020049,0.37527,1.9445,93.977,5.4854,3.0001,24.224,0.089459,0.78229,0.1124,0.28174,0.20233
6452000,0.018973,0.67111,1.6266,89.459,2.8053,1.9509,10.727,0.15059,0.44058,0.16646,0.39459,0.45063
6453600,0.028687,0.66349,4.2727,100.68,1.2095,2.0255,16.651,0.1524,0.70181,0.29889,0.41877,0.61293
6464500,0.016367,0.38708,1.3104,80.647,1.5466,2.4072,20.452,0.10446,0.27461,0.10081,0.2983,0.29129
6468170,0.025274,1.0818,6.168,82.814,0.12884,1.2893,14.175,0.11272,0.21794,0.10548,0.16301,0.92561
6468250,0.028361,1.1197,4.3799,92.406,0.099254,1.189,13.532,0.10069,0.25656,0.095064,0.1756,0.82873
6470800,0.041974,1.1568,4.9139,101.79,0.19819,1.2991,10.981,0.14947,0.20468,0.12167,0.29165,0.99009
6477500,0.014641,1.3216,2.904,109.11,0.47922,1.399,16.32,0.20011,0.33412,0.17726,0.37128,0.88548
6479215,0.044035,0.80667,4.3921,103.15,0.31094,1.4423,9.1829,0.20407,0.35116,0.20827,0.37432,0.82252
6479438,0.049503,0.84677,4.7075,101,0.3149,1.7862,20.337,0.12999,0.27335,0.1227,0.38443,0.72343
6601000,0.064754,0.56327,2.8497,106.65,0.6468,4.3261,39.148,0.10819,0.246,0.13992,0.38433,0.23714
6614800,0.17615,13.096,2.4765,214.37,0.056719,2.4801,44.846,0.078854,0.14633,0.081755,0.2805,0.50411
6622700,0.17688,11.051,3.4706,114.78,0.15906,2.5228,18.424,0.11786,0.3245,0.137,0.33193,0.39776
6623800,0.15585,14.855,2.3331,208.67,0.08734,2.6814,36.584,0.076582,0.088307,0.075278,0.31325,0.42456
6632400,0.15592,15.435,3.0865,93.156,0.11566,1.9151,22.505,0.1026,0.26201,0.094387,0.31768,0.47855
6746095,0.3431,14.147,4.9188,300.64,0.025835,2.1024,42.537,0.080158,0.085749,NaN,0.27725,0.56581
6784000,0.025593,0.34435,1.5358,89.772,1.9785,2.7575,13.733,0.1295,0.4385,0.12185,0.33486,0.17303
6803510,0.058552,0.8339,0.86299,101.53,4.9611,2.7268,11.079,0.2896,1.1918,0.24323,0.44938,0.23859
6803530,0.065637,0.90034,1.1124,120.37,1.8253,2.7273,24.482,0.2327,1.0714,0.18512,0.52017,0.24389
6814000,0.10734,1.0488,2.4977,123.18,1.4441,2.1429,11.788,0.29793,0.41553,NaN,0.61221,0.60903
6847900,0.0036329,0.60394,3.0981,68.952,11.3,2.0792,12.294,0.23668,0.67184,0.26932,0.46736,0.56536
6853800,0.02786,0.72962,2.4211,138.93,3.6243,2.0558,12.945,0.34239,1.4391,0.47985,0.5144,0.74924
6876700,0.038396,1.2454,2.1221,94.564,2.0474,1.9609,9.8531,0.2193,0.19094,0.39188,0.46441,0.53556
6878000,0.073744,1.0281,1.7157,95.173,6.8261,2.8453,13.938,0.31892,1.2744,0.30684,0.5803,0.36449
6879650,0.10612,1.3677,3.1942,105.18,0.088371,1.4976,Inf,0.14127,1.1902,0.12966,0.53783,0.54536
6885500,0.10746,1.0719,1.6675,124.25,2.0339,2.2129,11.433,0.28543,1.6179,0.35547,0.59562,0.49156
6888500,0.1271,1.0184,2.293,140.76,0.49564,2.7222,30.278,0.14657,0.71178,0.175,0.54439,0.47158
6889200,0.1381,0.88307,2.0388,105.61,1.2889,2.3455,12.943,0.26002,0.74774,0.31611,0.62794,0.53276
6889500,0.13574,0.9346,1.8333,114.96,1.2838,2.3513,13.393,0.19977,0.67016,0.20004,0.62573,0.47762
6892000,0.15073,0.9257,2.3206,139.85,0.94107,1.9779,9.7688,0.30479,1.0143,0.35952,0.63755,0.62937
6903400,0.17181,1.0878,3.5313,152.63,0.81584,1.6665,5.8992,0.3857,0.90081,0.32161,0.6509,0.90385
6906800,0.18491,0.87574,2.362,179.21,0.71088,1.995,7.218,0.22152,1.4869,0.27116,0.6391,0.64186
6910800,0.13323,0.8726,3.0235,144.34,0.8029,1.8137,8.3924,0.29252,0.51646,0.34346,0.63459,0.87308
6911900,0.1419,0.88614,2.7615,106.01,0.88188,1.9197,10.097,0.39656,1.0221,0.43392,0.65871,1.0687
6917000,0.17131,0.94077,3.9325,165.1,0.46502,1.7435,9.6223,0.27063,0.85656,0.30066,0.6331,0.9855
6918460,0.14683,0.72309,2.284,181.56,0.093566,2.1856,20.955,0.077597,0.39428,0.088967,0.47755,0.45547
6919500,0.14888,0.76266,3.494,229.8,0.44942,1.7636,10.914,0.21647,1.0893,0.22449,0.63438,0.9318
6921070,0.17781,0.68526,2.8471,176.24,0.29553,2.0655,11.455,0.15821,1.0613,0.19877,0.60119,0.59888
6921200,0.17176,0.6497,4.437,191.12,0.32783,1.8053,9.3561,0.26447,1.9767,0.2967,0.59636,0.80771
6934000,0.12691,0.76927,0.9035,203.63,0.16598,2.8149,22.316,0.081693,0.42518,0.10707,0.4456,0.35293
7014500,0.13189,0.84642,0.67827,218.86,0.22966,2.9469,22.247,0.077507,0.5658,0.13453,0.50147,0.31131
7056000,0.18058,0.68583,2.4769,230.05,0.14204,2.0406,14.982,0.1237,1.5131,0.25981,0.51536,0.61766
7057500,0.16552,0.90569,0.84669,216.4,0.04369,4.5169,52.922,0.053908,1.1068,0.15697,0.42787,0.21524
7060710,0.11361,0.71307,1.9799,339.65,0.41443,1.9604,9.0211,0.26222,2.5177,0.25414,0.54874,0.46024
7066000,0.16571,0.80073,0.32973,206.14,0.093491,3.3562,28.33,0.078916,0.85162,0.22048,0.45609,0.26198
7067000,0.15585,0.91464,0.41157,257.24,0.061962,4.2351,38.617,0.056656,1.1694,0.207,0.44105,0.23535
7068000,0.17341,0.87055,0.51098,194.72,0.03249,4.4652,47.966,0.051185,1.1304,0.18188,0.43902,0.19517
7071500,0.11734,0.98653,1.048,255.33,0.049098,4.8695,89.151,0.038774,0.45059,0.047751,0.41343,0.21324
7083000,0.15241,9.0542,2.8821,184.42,0.052439,2.2162,29.641,0.06425,0.099758,0.066522,0.26718,0.47988
7142300,0.0063802,0.78065,4.0224,88.579,4.025,2.0638,15.246,0.23728,0.56424,0.29294,0.30188,0.70427
7145700,0.16351,0.93489,1.7321,124.47,2.9344,2.2495,11.722,0.33811,1.6826,0.35173,0.72148,0.50048
7148400,0.026924,0.66983,2.862,147.93,1.6132,2.3019,13.648,0.1504,0.39714,0.21301,0.43185,0.48998
7149000,0.03629,0.6012,2.0746,138.27,1.6126,2.7681,18.862,0.14424,0.91215,0.15696,0.39557,0.31701
7151500,0.087962,0.727,1.5523,120.81,1.8146,2.9814,16.741,0.17338,1.1128,0.19746,0.52944,0.34492
7167500,0.16279,0.91092,3.3351,136.63,0.56604,2.0547,16.003,0.2319,1.8113,0.2526,0.57133,0.77397
7180500,0.1379,0.88417,2.4656,141.22,0.84169,3.0663,28.465,0.20292,0.94632,0.23856,0.56642,0.46535
7184000,0.20589,0.98923,2.9379,191.27,0.85376,1.6301,5.9256,0.40343,1.4828,0.32406,0.68473,1.2426
7195800,0.14365,0.7312,0.85558,230.68,0.14862,2.1331,13.538,0.1818,0.79559,0.17141,0.47843,0.26785
7196900,0.17951,0.64257,3.4714,234.06,0.19115,2.1943,12.037,0.20174,0.88977,0.21945,0.54628,0.61625
7197000,0.15817,0.70323,1.5995,225.53,0.11344,2.2103,18.291,0.10716,0.61479,0.22714,0.49796,0.42738
7208500,0.038758,1.8655,1.9475,96.444,1.9523,2.5147,23.206,0.08461,0.14984,0.09245,0.31702,0.3316
7226500,0.0053838,4.7893,2.8193,63.67,0.5179,0.92622,Inf,0.80243,1.0484,0.60346,0.90524,0
7261000,0.21041,0.50127,5.6706,258.66,0.14834,1.7209,11.286,0.19569,0.62503,0.19238,0.57387,0.97329
7263295,0.20822,0.49008,4.2261,201.67,0.26051,1.4089,6.5364,0.32495,0.81939,0.3097,0.60367,0.86864
7290650,0.18265,0.61177,1.3798,247.74,1.1797,2.9089,9.8871,0.21259,1.5309,0.51321,0.62836,0.46745
7291000,0.17962,0.57469,0.69483,216.61,0.30145,3.8017,26.744,0.20924,1.4601,0.41274,0.57101,0.3131
7292500,0.18797,0.67434,0.86926,247.4,0.27726,3.8399,17.782,0.16617,0.93105,0.16968,0.59261,0.30116
7295000,0.21186,0.66986,1.1517,325.35,0.29783,3.2555,13.909,0.19878,0.87806,0.22674,0.58994,0.36389
7299670,0.025344,1.1627,2.3515,118.92,12.799,2.7143,11.192,0.43413,1.5808,0.55204,0.41827,0.19367
7301410,0.0086708,0.48427,2.9028,125.13,5.3372,2.2659,12.303,0.12353,0.58287,0.12843,0.31976,0.44797
7301500,0.013837,0.6576,3.0781,115.38,3.1748,2.009,11.045,0.1764,0.75996,0.22392,0.39604,0.568
7315200,0.043748,1.044,3.6304,190.78,1.7294,1.428,13.296,0.48812,0.9037,0.55655,0.61339,0.88612
7315700,0.077188,0.97432,3.2633,230.54,2.0513,1.7678,7.8978,0.36884,0.79825,0.33002,0.53819,1.0612
7335700,0.28837,0.55738,4.168,225.11,0.13937,1.4782,8.2305,0.24639,3.0973,0.2414,0.57675,1.2154
7340300,0.26201,0.61443,1.6483,209.8,0.18068,1.998,8.3629,0.18542,0.86045,0.22875,0.60358,0.4708
7346045,0.10803,0.6072,4.6595,268.29,0.15636,1.4862,9.3227,0.19285,0.60062,0.2002,0.42296,0.91655
7359610,0.23746,0.63508,1.0508,215.25,0.11775,2.355,11.314,0.12814,1.291,0.2239,0.55003,0.35954
7362100,0.13642,0.65886,3.2533,326.18,0.65709,1.9425,5.1022,0.23836,0.49211,0.21808,0.48896,0.75114
7362587,0.23906,0.49667,3.7085,176.36,0.28287,1.486,5.5211,0.29558,0.98467,0.25778,0.58988,0.78078
7373000,0.15719,0.69201,1.2326,285.38,0.16771,3.6678,23.36,0.16617,1.4083,0.16579,0.57341,0.26732
7375000,0.18004,0.68529,0.4683,281.51,0.19274,4.3088,20.492,0.21106,0.61615,0.12142,0.53355,0.25833
7376000,0.15341,0.65583,0.56534,239.65,0.23271,4.4856,19.382,0.1136,0.57532,0.17196,0.4758,0.29068
8013000,0.15313,0.48583,1.8547,243.03,0.44683,1.9818,4.7614,0.19846,0.35274,0.096231,0.44771,0.63959
8014500,0.14857,0.60373,0.45389,351.41,0.2742,4.2557,17.567,0.13446,0.49275,0.10057,0.47235,0.33623
8023080,0.18628,0.49171,4.0077,272.12,0.80363,1.6654,7.1718,0.5466,0.82449,0.60163,0.69069,0.99069
8025500,0.16744,0.47961,2.5789,292.37,0.8918,2.4034,7.8414,0.21387,0.93411,0.28935,0.61742,0.57448
8029500,0.15863,0.67408,0.88265,311.79,0.37238,4.4128,18.302,0.16519,0.83753,0.30614,0.57693,0.27485
8050800,0.11476,0.92321,3.4244,128.8,0.78633,1.6796,42.19,0.58024,1.7423,0.52918,0.64105,0.85479
8066200,0.15208,0.44495,2.7483,267.88,1.7822,2.186,6.6749,0.3957,1.1016,0.3871,0.6289,0.60073
8066300,0.10728,0.53614,1.2662,308.71,0.4068,2.952,16.582,0.17122,1.0522,0.42763,0.47191,0.39773
8070000,0.10405,0.44759,1.4413,236.78,1.4381,2.7675,10.443,0.25662,0.65188,0.16913,0.47412,0.46309
8070200,0.092959,0.46634,1.4161,240.44,1.4115,2.7636,10.012,0.22942,0.53116,0.18238,0.44124,0.47961
8079600,0.070601,1.011,3.6421,103.68,1.2653,1.1669,Inf,0.87448,1.3331,0.74184,0.83283,1.1617
8082700,0.021792,2.6723,3.8348,127.63,0.92904,1.088,Inf,0.67908,1.2383,0.69847,0.549,0.82976
8086212,0.024797,0.95099,2.8298,107.19,1.4972,1.5511,11.408,0.35333,2.0445,0.43347,0.52882,0.93994
8086290,0.031265,1.2635,2.7252,145.6,1.7594,1.2639,4.6482,0.47006,0.7123,NaN,0.60968,0.97023
8101000,0.065256,0.74103,3.8196,175.15,1.4151,2.0726,16.439,0.21438,1.5216,0.31552,0.57031,1.0003
8103900,0.060846,0.67926,4.5603,160.04,0.3366,2.0663,74.885,0.17548,0.23258,0.42733,0.45101,0.90855
8104900,0.072346,0.82617,5.613,228.61,0.48984,2.2252,18.695,0.19998,0.66274,0.19632,0.47247,0.88882
8109700,0.049544,0.45738,3.3178,244.87,1.3606,1.8088,9.5587,0.37982,0.55073,0.28983,0.44178,0.74826
8150800,0.019098,0.70506,3.5707,172.33,6.7745,2.1099,8.7302,0.22586,0.53151,0.25579,0.4202,0.56433
8155200,0.080647,0.74737,5.2084,207.39,0.19402,2.0388,23.45,0.14235,0.4098,0.118,0.44852,1.1604
8158700,0.069833,0.76556,3.8052,259.63,0.12404,2.1247,47.819,0.11147,0.66514,0.11241,0.42281,0.95135
8158810,0.080192,0.68973,3.7812,172.47,0.091349,1.7595,31.179,0.11208,0.49292,0.13302,0.40331,0.89548
8164000,0.11601,0.91878,1.6917,226.76,2.591,2.4274,13.895,0.29097,0.92724,0.25706,0.57125,0.57385
8164300,0.097188,0.74787,2.7161,215.63,2.9408,2.3025,16.383,0.25455,1.2776,0.27927,0.60698,0.66006
8164600,0.11363,0.94438,2.0373,200.33,0.93611,1.5781,7.6711,0.37704,0.82983,0.35073,0.52833,0.88656
8165300,0.025716,0.62342,1.5286,113.01,1.387,3.8188,76.283,0.13039,0.8789,0.18846,0.28476,0.15656
8171300,0.066839,0.80285,1.8007,260.95,0.24685,2.5244,74.819,0.097345,0.67988,0.11255,0.40123,0.70561
8175000,0.052194,0.99089,1.8476,263.35,2.5134,1.7172,7.2545,0.39117,0.84522,0.34543,0.49708,0.61324
8176900,0.050618,1.0362,2.5903,207.85,2.2414,2.1639,21.048,0.23072,2.1746,0.27905,0.52985,0.69586
8178880,0.062071,1.0619,1.3584,249.25,0.47478,3.1492,52.323,0.090385,0.77919,0.11693,0.34489,0.39887
8189500,0.044827,1.0841,1.0929,187.77,7.5536,2.2449,20.078,0.24485,0.85624,0.27754,0.49321,0.53097
8190000,0.042172,0.6815,1.682,122.13,0.61034,3.1502,65.965,0.059335,0.61795,0.11661,0.29784,0.30534
8190500,0.0093992,1.1709,2.1638,164.11,0.66271,1.507,21.068,0.1956,1.4271,0.20261,0.34256,0.69688
8194200,0.027649,2.3833,3.1721,99.738,0.8981,1.0863,Inf,0.79411,0.96914,0.7946,0.53155,1.1732
8195000,0.049189,0.87386,1.6679,190.92,0.50624,3.7341,74.912,0.075342,0.24955,0.1072,0.29329,0.27374
8196000,0.042838,0.85407,2.0216,158.91,0.29246,2.1317,25.95,0.11707,0.2932,0.13141,0.32649,0.42469
8198500,0.021201,1.5731,3.1958,240.21,0.50768,1.8457,56.115,0.1793,0.21774,0.50168,0.2882,0.52865
8200000,0.06759,1.4304,3.2994,260.57,0.10627,1.967,36.137,0.11854,0.89145,0.10626,0.316,0.78494
8202700,0.0075193,3.7908,4.7955,61.221,0.55246,1.067,Inf,0.85688,0.97227,NaN,0.29151,NaN
8267500,0.11861,2.8135,1.9893,105.25,0.038525,2.0141,41.652,0.051304,0.11278,0.053309,0.22036,0.30265
8269000,0.063276,2.9647,2.5227,92.234,0.14857,2.198,26.5,0.065137,0.19092,0.071839,0.25586,0.35935
8271000,0.15084,2.716,2.1901,109.94,0.05694,1.9295,28.262,0.061581,0.05575,0.081167,0.22224,0.31286
8324000,0.025208,1.6991,2.7115,90.279,0.50833,1.813,14.429,0.098335,0.12434,0.091228,0.27531,0.32111
8377900,0.085199,3.881,2.4599,144.35,0.10123,1.6762,16.954,0.088339,0.23204,0.095492,0.27142,0.39025
8378500,0.071204,3.1827,2.243,136.83,0.20852,2.6928,30.551,0.066189,0.14569,0.087346,0.26068,0.33797
8380500,0.049118,1.8035,2.4617,83.107,0.39056,2.0993,14.231,0.1191,0.24449,0.1329,0.33014,0.37151
9034900,0.19891,15.679,3.4359,166.85,0.058994,2.1677,51.466,0.071366,0.088614,0.064195,0.29106,0.5669
9035800,0.11664,6.8351,2.4777,79.008,0.078302,2.2542,34.026,0.064947,0.1104,0.06847,0.30413,0.35775
9035900,0.14389,6.6996,2.225,246.5,0.046256,1.996,37.269,0.062999,0.064962,NaN,0.29488,0.35764
9047700,0.11377,3.5196,3.468,123.31,0.2271,2.7712,22.911,0.066746,0.16987,0.073034,0.34606,0.26408
9065500,0.19678,15.588,3.3661,197.78,0.086765,2.2486,23.062,0.087227,0.11664,0.09611,0.26153,0.52251
9066000,0.16186,11.225,2.9807,151.42,0.12777,2.5183,23.281,0.079417,0.095245,0.081286,0.3001,0.41609
9066200,0.17896,16.204,3.1172,193.76,0.12462,2.0184,19.857,0.090958,0.18713,0.10104,0.27449,0.55279
9066300,0.093992,21.271,4.2191,185.53,0.15559,2.0273,23.75,0.095116,0.68265,0.08933,0.27954,0.56896
9081600,0.18965,11.428,2.5868,168.29,0.067562,3.3349,36.628,0.065015,0.088316,0.069229,0.30916,0.43789
9107000,0.11639,5.1359,2.1519,90.693,0.12561,3.7769,50.349,0.05383,0.041348,0.062377,0.27272,0.30463
9210500,0.07681,5.7013,2.7934,108.86,0.12121,2.6613,35.137,0.062829,0.13792,0.059103,0.27981,0.29471
9223000,0.11216,14.195,3.3433,115.57,0.093747,2.1965,26.701,0.073453,0.15903,0.070652,0.33843,0.44479
9306242,0.0059126,2.5262,4.3707,97.877,0.42924,1.8304,19.108,0.087734,0.066407,0.33498,0.22524,0.29697
9312600,0.046379,12.56,4.1272,156.93,0.22337,1.7055,20.42,0.087522,0.074414,0.66934,0.26963,0.44649
9352900,0.21696,6.8236,2.3147,183.18,0.063005,2.2233,18.63,0.084823,0.16016,0.072562,0.29652,0.4352
9378170,0.0255,10.301,5.4756,132.36,0.26875,1.7599,24.324,0.15086,0.087342,0.1586,0.25003,0.62622
9378630,0.039088,5.4028,6.2605,126.51,0.17378,1.1554,10.481,0.23059,0.19892,0.41889,0.27472,0.88534
9386900,0.020962,0.26897,3.97,88.469,1.226,1.2866,5.8421,0.31224,0.32375,0.58634,0.43541,0.69638
9404450,0.032624,1.54,1.443,159.52,0.50515,3.0217,15.348,0.060651,0.10807,NaN,0.24583,0.19837
9430500,0.0308,0.40657,2.1552,109.42,3.8162,2.6318,26.109,0.095314,0.66559,0.10539,0.44296,0.29958
9430600,0.1165,0.38711,4.559,135.6,0.37368,1.6821,9.7764,0.23007,0.99895,0.25498,0.444,0.82142
9447800,0.021411,0.30567,1.0586,142.45,63.665,2.8674,36.709,0.288,1.3126,0.47397,0.63438,0.19877
9480000,0.010696,0.81751,3.6353,124.12,4.7066,1.7971,17.817,0.36103,0.70079,0.24696,0.46904,0.53935
9484000,0.1662,0.44198,5.1717,105.42,0.33215,1.3481,8.459,0.32184,0.15953,0.39964,0.48044,0.82206
9484600,0.0063192,1.2755,2.5413,133.34,10.246,1.811,10.112,0.59221,0.48787,0.77735,0.67099,0.36651
9492400,0.10536,2.1164,1.763,141.82,0.12371,2.4749,19.547,0.079306,0.20892,0.096617,0.25013,0.31979
9494000,0.044377,1.3162,2.7148,196.55,0.52104,2.1815,15.681,0.087282,0.25035,0.11826,0.30648,0.41212
9497800,0.038372,0.62573,1.7658,148.74,1.4768,2.7465,52.78,0.098306,0.32769,0.14905,0.43665,0.25837
9497980,0.035605,0.37696,1.841,182.08,4.7168,2.7122,45.336,0.18398,0.58267,0.21472,0.43828,0.33482
9505200,0.058765,0.45763,0.63531,200.75,3.7832,2.5244,11.805,0.38166,0.27308,0.55196,0.40582,0.24003
9505350,0.082314,0.24337,5.8164,136.54,0.54738,1.0617,Inf,0.45292,1.3062,0.44593,0.55978,1.7963
9505800,0.053599,0.46964,1.7044,245.84,0.99407,2.1469,19.864,0.21255,0.61008,0.24906,0.44939,0.18824
9508300,0.14001,0.17592,5.0563,134.14,0.34879,1.4553,14.977,0.23222,0.6481,0.22813,0.58624,0.74529
9510200,0.062748,0.26124,6.5736,158.8,0.31468,1.3884,27.284,0.23961,0.47152,0.24618,0.50743,1.2156
9512280,0.036844,0.23944,3.7026,206.65,1.4381,1.6921,Inf,0.25782,1.2919,0.32464,0.52632,0.51187
9513780,0.076493,0.16981,4.6319,142.32,0.63202,1.5508,Inf,0.29384,0.92722,0.35568,0.56481,0.68607
10023000,0.03579,2.6906,2.7556,120.73,0.17709,2.1311,16.073,0.098234,0.068081,0.79805,0.26865,0.32448
10166430,0.02503,9.3552,3.0976,116.79,1.2385,2.5814,21.401,0.12,0.10199,0.22491,0.29507,0.58535
10172700,0.020673,2.3086,2.3042,36.764,0.22874,1.9152,87.69,0.04549,0.068269,0.033674,0.22438,0.17227
10172800,0.1916,4.435,0.3077,197.08,0.024734,2.6865,83.018,0.0671,0.074411,0.14436,0.2667,0.2843
10173450,0.052165,10.074,3.6182,109.82,0.1047,2.7898,42.901,0.060389,0.027216,0.06802,0.21443,0.3907
10205030,0.034899,4.3963,1.8391,79.376,0.11663,1.9777,41.929,0.076871,0.13241,0.076432,0.22731,0.22058
10234500,0.05635,4.914,1.9088,74.028,0.061123,2.257,79.772,0.062263,0.1002,0.069656,0.20925,0.26783
10242000,0.070918,7.0657,2.5911,47.872,0.36523,3.4605,49.701,0.08051,0.058562,0.1135,0.20071,0.30445
10244950,0.056083,2.5252,1.0762,14.68,0.090992,2.9622,69.743,0.078395,0.042254,0.13378,0.16527,0.1941
10249300,0.080313,4.1636,2.5849,53.582,0.16752,1.919,26.763,0.062648,0.059346,0.083674,0.16127,0.34914
10258000,0.056589,9.8998,1.9666,194.68,0.3304,2.3438,33.636,0.07837,0.35883,0.14846,0.22126,0.74448
10258500,0.021629,1.2142,4.0215,195.71,0.56815,1.6596,Inf,0.19296,0.53381,0.26896,0.37784,0.76279
10259000,0.059221,4.4818,2.9636,241.9,1.049,3.469,38.961,0.086333,0.4152,0.15722,0.21506,0.26983
10259200,0.03906,1.4975,2.5751,140.25,1.5752,2.0549,1224.4,0.14789,0.46607,0.17422,0.4084,0.87696
10263500,0.13761,7.0752,2.3556,180.49,0.082394,3.0617,67.095,0.06806,0.93626,0.16612,0.23832,0.41908
10310500,0.059247,3.9213,2.3965,296.47,0.18347,3.0062,27.405,0.077087,0.35556,0.092153,0.26938,0.27397
10316500,0.1649,21.975,3.0163,152.93,0.066494,1.7114,27.177,0.070351,0.13932,0.072872,0.21492,0.5626
10329500,0.041201,3.7832,3.0586,151.48,0.35172,2.4221,27.975,0.12913,0.3008,0.16023,0.30817,0.3925
10336645,0.21866,15.022,3.2255,403.54,0.10723,1.8147,14.935,0.11346,0.72926,0.15593,0.37085,0.61962
10336660,0.28448,17.165,3.0364,687.77,0.064936,1.6551,17.407,0.087108,1.3623,0.089714,0.37173,0.61469
10336740,0.0314,8.917,1.918,194.93,0.27702,1.7428,18.151,0.13614,0.15032,NaN,0.23375,0.47515
10343500,0.12016,11.979,2.0475,336.48,0.095323,2.6227,38.041,0.074182,1.6001,0.10818,0.3192,0.3866
10348850,0.11462,9.0671,1.899,259.04,0.036393,2.3049,25.219,0.12264,0.27497,0.10016,0.20884,0.23153
10396000,0.13168,4.1088,2.0679,171.52,0.14788,3.1042,41.884,0.077061,0.21031,0.12805,0.36265,0.33562
11098000,0.12757,2.3134,3.3701,339.3,0.41666,2.3473,49.943,0.11388,0.59872,0.1878,0.37841,0.6543
11124500,0.081908,2.8117,5.0211,442.11,0.27019,2.1181,41.021,0.12009,0.60578,0.092331,0.46671,0.88323
11141280,0.089384,3.6742,2.4114,289.63,0.24891,2.5173,42.513,0.12793,0.21485,NaN,0.38405,0.33886
11143000,0.33121,2.7594,3.1265,434.84,0.020673,2.6265,94.589,0.068271,0.55182,0.12919,0.46374,0.44929
11148900,0.22301,0.97397,6.3548,232.09,0.14662,1.9162,85.857,0.16502,0.61806,0.22397,0.5326,1.0019
11151300,0.030337,1.5799,2.3628,292.36,6.8136,2.221,24.909,0.26685,0.55852,0.20591,0.60758,0.82214
11162500,0.17163,1.7371,3.6604,397.22,0.19907,2.4753,41.748,0.16469,0.40095,0.1899,0.52346,0.54538
11176400,0.098057,0.66968,4.9456,177.39,0.53497,1.8203,77.923,0.16639,0.52572,0.21713,0.56006,0.71876
11180500,0.13071,0.94862,5.0958,159.29,0.34507,1.5822,Inf,0.21984,0.65877,0.28611,0.69083,0.647
11180960,0.18189,1.0913,4.3201,148.51,0.24748,2.2365,244.93,0.1657,0.84992,0.26693,0.63085,0.85185
11224500,0.022952,2.0196,4.4697,244.85,0.71849,1.7121,168.26,0.22597,0.5034,0.3011,0.46464,0.95277
11230500,0.12222,28.083,2.334,301.43,0.084695,2.1794,14.916,0.089919,0.13156,0.078469,0.14389,0.4957
11237500,0.18223,29.14,5.3637,368.73,0.10127,1.6674,11.509,0.10064,0.40534,0.095346,0.28157,0.92696
11253310,0.026634,2.3895,2.7657,182,2.032,2.1461,1023.6,0.20008,0.33822,0.72967,0.47024,0.88238
11264500,0.15785,30.389,3.2078,400.19,0.13431,2.2577,10.854,0.10123,0.5392,0.1603,0.21501,0.67074
11266500,0.18755,24.429,2.7726,409.4,0.11298,2.338,14.225,0.096233,0.68454,0.13186,0.26257,0.65534
11274500,0.060664,0.55368,3.9505,142.89,0.44096,1.4365,Inf,0.25568,0.54117,0.26283,0.57349,0.57731
11274630,0.038937,1.1203,3.2411,217.35,0.73142,2.0162,451.78,0.18358,0.49811,0.273,0.47712,0.81293
11284400,0.10972,1.0923,3.9394,423.13,0.43005,1.9181,67.154,0.18526,0.88455,0.20604,0.59315,1.0102
11299600,0.18886,0.62924,5.0527,208.71,0.31055,2.0451,138.69,0.16951,0.62474,0.18115,0.61726,0.72357
11381500,0.29871,3.3714,1.1957,328.06,0.01607,3.9122,37.023,0.078352,0.46368,0.14656,0.46784,0.27262
11383500,0.21103,2.5887,1.5164,443.71,0.048722,4.1081,51.706,0.073898,0.76538,0.2808,0.50212,0.31833
11451100,0.33823,1.1733,5.0469,438.31,0.071779,2.0344,31.756,0.1164,0.45483,0.13205,0.55469,0.88064
11468500,0.27328,1.2105,3.1091,478.51,0.12087,2.0167,24.562,0.12105,0.56035,0.1473,0.55126,0.67169
11473900,0.29652,1.9596,5.5578,503.85,0.094478,2.1281,17.083,0.086678,0.47454,0.086942,0.58897,0.90289
11475560,0.40135,1.4088,2.9603,418.89,0.045511,1.9332,27.844,0.095976,1.1333,0.26681,0.57014,0.64618
11476600,0.43549,0.96139,4.7517,385.16,0.054991,1.9919,22.701,0.095364,0.32391,0.10819,0.59613,0.81103
11478500,0.46392,1.1394,4.0137,377.62,0.062712,2.0686,19.106,0.095307,0.47227,0.13238,0.62225,0.84259
11480390,0.34865,1.1788,6.4446,437.07,0.086213,1.7166,20.105,0.12419,0.49503,0.11938,0.60901,1.1112
11481200,0.44061,1.1737,2.7406,358.84,0.060447,2.277,21.654,0.13027,0.67898,0.16572,0.64634,0.62875
11482500,0.42742,1.2411,4.1332,399.69,0.046163,2.1743,20.349,0.072923,0.43935,0.10521,0.62578,0.7552
11522500,0.33684,3.1109,1.9947,374.08,0.046354,3.2342,26.602,0.0493,0.50585,0.12205,0.48552,0.49175
11523200,0.39171,5.3173,2.1666,386.79,0.046062,2.7864,23.676,0.072399,0.66553,0.16982,0.43624,0.53493
11528700,0.24553,1.7078,2.7024,532.67,0.057321,2.328,33.712,0.053351,0.60555,0.13766,0.57322,0.62055
11532500,0.59965,1.2845,1.4235,281.18,0.026143,2.8885,20.773,0.064748,0.41784,0.13816,0.62567,0.53451
12010000,0.59793,0.67056,1.6275,199.95,0.022519,2.1354,13.448,0.084786,0.59017,0.24637,0.65723,0.48366
12013500,0.44452,0.64082,2.2539,411.03,0.041303,2.0371,13.698,0.086965,0.56771,0.21277,0.65474,0.56697
12020000,0.40231,0.59388,2.2378,477.16,0.044141,2.1226,12.729,0.1137,0.79277,0.31059,0.60766,0.56977
12025000,0.46693,0.78614,1.8582,321.27,0.047801,2.5378,13.159,0.085898,1.6604,0.27399,0.68255,0.49203
12025700,0.65062,0.90657,1.6722,263.05,0.019107,2.4673,15.37,0.083642,0.59984,0.31382,0.68674,0.43205
12035000,0.65149,0.87957,1.2206,293.74,0.0083424,2.8414,19.614,0.057841,0.51297,0.14625,0.67768,0.42361
12040500,0.85401,1.0352,0.91027,166.66,0.010088,2.5955,10.193,0.082366,0.47708,0.13933,0.71795,0.37462
12041200,0.90101,1.6408,1.1563,218.05,0.0029036,2.8709,12.828,0.098317,0.52692,0.20162,0.73091,0.23167
12043000,0.66699,0.78259,1.3731,475.65,0.019333,2.3577,10.651,0.079765,1.1545,0.26526,0.69943,0.46971
12048000,0.27755,3.6466,1.057,620,0.019066,3.5219,20.316,0.063494,0.39281,0.10941,0.56603,0.25804
12054000,0.65578,2.5683,1.2788,476.7,0.007343,2.8887,12.169,0.071851,0.95667,0.26659,0.63693,0.30676
12056500,0.83893,1.9808,1.5893,458.96,0.0043652,2.9296,12.827,0.070124,0.96433,0.34343,0.67923,0.34117
12073500,0.22822,1.4345,1.4652,348.34,0.042496,3.0679,28.41,0.095887,0.64462,0.26343,0.57615,0.22908
12082500,0.54171,2.915,1.2383,822.55,0.0082038,2.5343,13.111,0.10581,0.41562,0.10437,0.68569,0.19737
12092000,0.52565,3.4068,1.217,1050.5,0.0081137,2.7909,9.2716,0.10926,0.33621,0.095846,0.70368,0.19034
12095000,0.39454,1.3199,1.3181,342.57,0.035961,2.7111,12.476,0.10118,0.60621,0.25969,0.67673,0.32676
12114500,0.59608,2.6191,1.3993,580.03,0.01411,2.3319,14.541,0.078397,0.46496,0.15281,0.74033,0.37516
12115000,0.57939,2.2292,1.4141,510.55,0.016995,2.3567,13.917,0.074212,0.47297,0.14618,0.73009,0.37502
12115500,0.70266,1.6404,1.7902,452.11,0.02464,2.1739,9.5439,0.11287,0.46321,0.1196,0.73949,0.41179
12117000,0.56221,1.3097,1.3954,300.5,0.0019999,3.2232,28.241,0.060213,0.84937,0.30633,0.71118,0.28032
12141300,0.75936,2.2849,1.1255,534.67,0.015923,2.5696,7.3445,0.11185,0.54572,0.14111,0.79811,0.32097
12143600,0.62139,2.2407,1.2428,514.99,0.013435,2.8208,10.858,0.081073,0.51957,0.17766,0.75132,0.35383
12144000,0.67001,2.1919,1.0263,500.05,0.002326,3.4756,14.376,0.064279,0.41748,0.1295,0.75493,0.28341
12145500,0.46234,0.74839,1.7604,319.16,0.046324,2.1553,10.399,0.12171,1.0628,0.29403,0.67904,0.4493
12147500,0.79771,1.4236,1.1835,354.37,0.0018264,3.6117,10.799,0.067579,0.66425,0.14086,0.77111,0.29489
12147600,0.88573,1.6622,1.5136,366,0.035417,2.3665,4.7932,0.147,1.9628,0.44629,0.80179,0.40171
12167000,0.76274,1.3041,1.446,272.32,0.013689,2.861,9.1447,0.091876,0.52259,0.12588,0.74525,0.35037
12175500,0.58175,10.136,1.4329,1037.1,0.013489,2.9372,7.4827,0.092514,0.67827,0.20421,0.55161,0.33853
12178100,0.67252,4.4155,1.5195,896.41,0.010675,2.7089,9.4203,0.10307,1.537,0.25983,0.65414,0.28519
12186000,0.78488,3.1597,1.8319,839.79,0.011862,2.5232,10.61,0.095189,0.57469,0.19179,0.74298,0.29751
12189500,0.69611,3.4583,1.2752,728.14,0.0051286,3.1556,12.036,0.074229,0.48339,0.11609,0.70787,0.24464
12358500,0.38585,7.0101,1.7538,408.97,0.036069,2.7572,31.836,0.050902,0.12988,0.046792,0.54593,0.42163
12374250,0.076039,4.3814,1.9501,253.34,0.090438,2.0236,30.785,0.082347,0.2576,0.12387,0.43253,0.32993
12375900,0.36912,6.27,1.726,407.05,0.019436,2.9433,47.037,0.064479,0.4027,0.083907,0.52248,0.31271
12377150,0.4689,10.856,2.6486,492.99,0.0081627,3.1173,41.456,0.069849,0.15439,0.089838,0.51407,0.40639
12381400,0.1597,11.563,4.0782,350.02,0.027905,3.0416,108.56,0.049918,0.069938,0.04411,0.47837,0.40101
12383500,0.19414,4.5422,1.4801,263.91,0.023203,3.6406,37.577,0.057388,0.09077,0.030126,0.42643,0.23385
12388400,0.14181,7.0622,1.5763,264.54,0.057122,2.1145,44.854,0.074228,0.093649,0.062497,0.45333,0.35477
12390700,0.17862,5.411,1.3259,356.05,0.041922,2.8656,57.596,0.045054,0.50381,0.10889,0.48021,0.40062
12411000,0.30796,3.74,1.9125,382.83,0.073335,2.8045,22.882,0.068047,0.38247,0.11015,0.5494,0.4549
12414500,0.31702,5.7566,1.946,442.16,0.055731,3.2859,26.863,0.057492,0.35415,0.14349,0.55456,0.41644
12447390,0.17924,21.455,1.9779,230.97,0.057957,2.3177,35.554,0.067181,0.12764,0.076394,0.33078,0.48471
12451000,0.42168,15.442,1.7617,1056.9,0.015108,3.2113,20.219,0.070706,0.15689,0.052618,0.45026,0.37709
12488500,0.31972,8.2669,1.4383,716.74,0.023273,2.7386,26.928,0.07524,0.16835,0.079102,0.55512,0.37453
13011500,0.23478,16.596,2.9274,259.51,0.099344,2.7166,43.126,0.071389,0.11478,0.056586,0.38023,0.43367
13011900,0.22932,9.2212,1.9291,120.16,0.045772,4.8105,86.897,0.052748,0.12745,0.065605,0.36511,0.376
13018300,0.14547,6.9552,2.5338,189.35,0.043097,2.724,57.38,0.063101,0.065676,NaN,0.3187,0.29335
13023000,0.20796,6.9349,2.2825,119.57,0.024641,5.4812,85.437,0.036598,0.062012,0.0292,0.39372,0.31442
13083000,0.041048,2.1049,1.791,156.74,0.3261,3.0346,29.165,0.084178,0.077277,0.16793,0.25806,0.12849
13161500,0.062194,4.9344,3.6028,181.6,0.31627,2.3913,19.454,0.078602,0.088053,0.076314,0.3846,0.50363
13235000,0.21149,9.2696,1.5881,285.18,0.026645,5.127,61.787,0.041519,0.079694,0.045601,0.32464,0.29157
13240000,0.31487,15.955,2.29,331.05,0.081898,2.6684,23.309,0.21744,0.10273,0.20064,0.40081,0.5055
13310700,0.16586,9.874,1.9813,349.52,0.081147,3.5734,40.963,0.053549,0.10901,0.049623,0.36049,0.37089
13313000,0.14997,15.782,1.8112,383.84,0.086163,3.2526,45.938,0.057411,0.098219,0.070615,0.38679,0.39608
13331500,0.27709,6.5694,2.1945,314.15,0.059329,2.9794,24.415,0.063492,0.11575,0.066872,0.43933,0.41889
13337000,0.34656,6.9784,2.0156,466.9,0.07658,3.2979,20.215,0.069481,0.15851,0.071824,0.57535,0.41669
13338500,0.18242,3.7429,2.5399,211.75,0.76207,3.6229,18.985,0.06137,0.094595,0.048677,0.58357,0.39617
13340000,0.29284,4.9181,2.116,345.8,0.10861,3.4127,18.597,0.07017,0.1421,0.071993,0.59269,0.40721
13340600,0.35167,5.7019,1.9767,442.52,0.038487,3.735,27.514,0.061165,0.25414,0.081745,0.5435,0.35905
14020000,0.32944,2.301,1.4745,282.55,0.063202,2.6445,22.072,0.077523,0.38944,0.13835,0.52487,0.41304
14092750,0.39178,3.5385,1.057,528.05,0.0070294,3.1009,26.994,0.080766,0.48717,0.27073,0.56718,0.23217
14096850,0.10283,2.1577,1.109,313.46,0.12583,3.4741,60.898,0.081502,0.44116,0.12166,0.48696,0.23016
14137000,0.51353,1.91,1.1906,478.65,0.0065047,2.9368,17.493,0.073408,0.47827,0.078714,0.69411,0.29467
14138800,0.61812,1.4417,1.8338,493.72,0.049891,2.0671,7.7363,0.1197,0.60561,0.24241,0.72907,0.54591
14138870,0.5411,1.2681,1.5678,545.82,0.032368,2.2006,9.2458,0.1092,0.80043,0.26332,0.75913,0.45836
14138900,0.67913,1.3753,0.91749,419.29,0.0071712,2.5741,10.629,0.12082,0.60351,0.11119,0.7495,0.35637
14139800,0.65083,1.2155,1.2042,392.76,0.025839,2.0075,8.6145,0.11164,0.54066,0.13186,0.74318,0.42779
14141500,0.59877,1.2916,1.8535,424.48,0.025658,2.1873,9.5263,0.10898,0.98035,0.33845,0.76269,0.43567
14154500,0.38317,1.0464,2.8294,383.09,0.094536,2.1748,9.9016,0.10551,0.48982,0.22452,0.70506,0.61482
14158500,0.47158,3.3239,0.97123,627.5,0.00087229,2.8345,77.448,0.020059,0.08099,0.037132,0.61687,0.19529
14158790,0.56416,1.9009,2.0039,525.88,0.038551,2.0482,12.462,0.08926,0.70236,0.30861,0.68369,0.58172
14166500,0.28047,0.86025,2.8817,620.11,0.04075,2.5887,29.857,0.078365,0.37995,0.11946,0.60811,0.53964
14182500,0.68306,1.146,2.0894,266.21,0.041371,2.2375,8.8493,0.090229,1.1117,0.23392,0.72675,0.55267
14185000,0.54002,1.2661,2.3106,366.5,0.041487,2.3357,10.715,0.076617,2.2162,0.20496,0.70898,0.53866
14185900,0.6521,1.1146,2.1354,309.06,0.035388,2.3573,8.8,0.091512,0.88357,0.28321,0.7142,0.56619
14187000,0.46078,0.99716,2.6459,366.85,0.05581,2.1746,11.866,0.10056,0.6151,0.25922,0.7056,0.61378
14216500,0.61923,2.1277,1.0125,497.74,0.0093612,2.8486,17.042,0.045706,1.1831,0.18537,0.74877,0.38475
14222500,0.52348,1.0415,2.1468,443.41,0.03027,2.2445,12.079,0.082693,0.022371,0.40576,0.72832,0.49789
14236200,0.67727,1.0688,1.6168,253.58,0.022848,2.4352,13.033,0.074295,0.63835,0.20507,0.69985,0.44619
14301000,0.41721,0.76898,2.6088,415.34,0.059102,2.0005,12.926,0.072134,0.7796,0.18469,0.66455,0.60762
14303200,0.53478,1.0796,1.732,287.78,0.02654,1.9289,15.1,0.094464,0.43216,0.15329,0.66322,0.4978
14305500,0.70029,0.98047,1.9838,195.46,0.026073,2.2867,13.918,0.069639,1.0884,0.27396,0.70264,0.53434
14306340,0.42631,0.87364,3.0307,481.48,0.053111,1.95,14.602,0.12464,0.52493,0.16191,0.66606,0.63129
14306500,0.40622,0.96619,2.3325,421.47,0.028273,2.5702,22.532,0.058358,0.52961,0.18118,0.67143,0.5447
14308990,0.20957,1.1687,2.3131,507.78,0.074468,2.4443,33.131,0.093745,0.33766,0.10735,0.60906,0.48827
14309500,0.31362,0.76368,2.8631,502.07,0.085843,2.1731,18.166,0.10267,0.36668,0.13854,0.63535,0.68874
14316700,0.45154,1.0152,2.1994,342.05,0.080893,2.3961,10.938,0.089005,0.57058,0.22254,0.70089,0.5776
14325000,0.42608,0.87411,2.9655,488.88,0.058062,2.0834,12.983,0.098274,0.43197,0.11652,0.65064,0.67536
14362250,0.063985,1.0697,3.3409,426.21,0.34001,2.1295,23.51,0.13743,0.32639,0.15422,0.53611,0.731
14400000,0.90371,1.0032,2.2621,97.162,0.031287,2.2289,15.184,0.078744,0.35113,0.2087,0.66247,0.6495
