gauge_id,IE_effect,SE_effect,IE_thresh_signif,SE_thresh_signif,IE_thresh,SE_thresh,SE_slope,Storage_thresh_signif,Storage_thresh
1013500,-0.16825,0.48834,1,1,2.10E-09,5.11E-08,0.13714,1,3.27E-05
1022500,0,0.74577,1,4.07E-07,1.74E-10,11.072,0.38364,0,22.988
1030500,-0.14462,0.71189,1,0.71608,1.64E-09,1.5287,0.22699,0.00063738,14.412
1031500,0,0.71727,1,4.14E-08,7.55E-10,12.538,0.49474,0,23.403
1047000,0.042277,0.70781,1,1.35E-11,1.27E-09,13.328,0.53579,0,22.959
1052500,0,0.61236,1,0.0026293,5.68E-12,9.6598,0.43623,1.08E-05,18.968
1054200,0.061141,0.62507,1,5.77E-15,2.83E-09,15.676,0.60342,0,29.059
1055000,0,0.67235,1,1.04E-11,5.23E-10,14.278,0.57862,0,24.362
1057000,-0.038988,0.7154,1,3.71E-09,1.65E-09,12.609,0.39621,0,24.355
1073000,0,0.6591,1,0,1.46E-11,18.15,0.43774,0,28.019
1078000,-0.054029,0.69613,1,1.14E-11,1.11E-09,15.104,0.39893,0,25.085
1118300,0.058396,0.58917,1,0.00046577,1.18E-11,6.8081,0.29191,6.66E-16,18.326
1121000,-0.015733,0.70985,1,1.68E-11,1.17E-11,10.942,0.34614,0,22.595
1123000,0.050961,0.63272,1,5.32E-05,1.50E-11,8.3251,0.24988,2.22E-16,19.859
1134500,-0.079132,0.68536,1,0.001501,1.04E-11,7.5286,0.37635,3.24E-08,16.865
1137500,0,0.68274,1,1.76E-06,1.03E-09,10.829,0.37049,3.29E-14,21.373
1139000,-0.062266,0.65766,1,0.051508,1.60E-11,4.6139,0.24218,1.84E-05,12.325
1139800,-0.047336,0.54413,1,1,1.86E-11,6.00E-08,0.16472,0.42621,3.3803
1142500,-0.062757,0.62937,1,0.20791,1.42E-11,3.7093,0.23135,0.00044048,12.412
1144000,-0.060821,0.67906,1,0.070974,1.08E-11,4.8386,0.25444,4.21E-05,13.388
1162500,-0.106,0.74101,1,2.91E-05,1.21E-11,8.9976,0.29623,0,21.608
1169000,0.0016246,0.6691,1,1.79E-07,1.37E-10,11.664,0.393,0,23.724
1170100,0.043031,0.62556,1,2.29E-07,1.87E-10,11.274,0.35259,0,22.601
1181000,0.010963,0.65599,1,6.25E-07,8.32E-10,10.36,0.39729,0,22.305
1187300,-0.029238,0.688,1,3.72E-07,6.83E-10,9.8829,0.40978,0,22.146
1195100,-0.074018,0.60229,1,0.0016394,1.16E-11,6.5223,0.26536,2.11E-12,17.151
1333000,0.052779,0.58085,1,0.051448,1.10E-09,5.0885,0.27718,9.47E-09,16.665
1350000,0,0.72856,1,0,3.16E-10,20.195,0.55155,0,31.705
1350080,0,0.58432,1,0.00031972,3.85E-10,9.0672,0.27899,2.41E-10,19.462
1350140,-0.024051,0.56937,1,0.017946,1.18E-11,7.4305,0.3004,7.50E-06,17.296
1365000,0.031424,0.69389,1,7.77E-16,7.74E-12,16.671,0.46633,0,30.514
1411300,-0.19514,0.85188,1,5.23E-09,6.92E-11,13.919,0.16586,0,25.174
1413500,-0.043681,0.70369,1,4.28E-09,1.70E-11,14.346,0.36299,0,25.445
1414500,0.053525,0.56623,1,1.71E-06,1.39E-09,11.224,0.35804,2.09E-14,22.088
1415000,-0.049559,0.67538,1,9.93E-07,1.24E-09,10.709,0.32648,4.66E-15,21.406
1423000,-0.058683,0.67343,1,1.33E-06,6.29E-09,12.341,0.34629,2.83E-14,23.64
1434025,-0.010538,0.70931,1,4.84E-08,1.90E-10,13.43,0.46224,0,25.899
1435000,0.091374,0.68726,1,0,7.76E-12,16.964,0.52167,0,30.468
1439500,0.063459,0.61856,1,1.45E-06,1.31E-09,10.972,0.31608,0,22.909
1440000,-0.03995,0.70467,1,2.12E-08,2.98E-10,11.461,0.31241,0,21.799
1440400,0.071592,0.66066,1,1.52E-11,2.38E-10,15.008,0.41337,0,27.345
1451800,-0.083232,0.82611,1,3.62E-10,9.85E-12,11.892,0.40449,0,23.823
1466500,-0.17136,0.68089,1,0.00014002,4.85E-08,11.28,0.048028,9.71E-11,23.521
1484100,0,0.69705,1,0.002117,1.10E-08,7.7984,0.12883,2.13E-11,18.784
1485500,-0.19218,0.84502,1,4.27E-06,2.63E-09,10.138,0.27045,0,21.651
1486000,-0.069116,0.62682,1,0.00024632,3.20E-09,8.7152,0.23534,1.34E-12,19.421
1487000,-0.068596,0.75375,1,6.62E-08,1.41E-08,11.942,0.13533,0,24.077
1491000,-0.057723,0.74697,1,5.89E-10,1.24E-08,13.975,0.27982,0,24.497
1510000,0.002432,0.55159,1,0.0081344,7.92E-12,7.9341,0.34434,6.06E-07,17.87
1516500,-0.061999,0.61404,1,1.76E-06,2.34E-11,13.26,0.31661,1.24E-13,24.289
1518862,-0.11732,0.59987,1,2.09E-06,1.56E-09,12.595,0.36274,1.29E-11,21.864
1532000,-0.10115,0.67629,1,1.24E-05,2.05E-09,10.855,0.37105,4.61E-12,20.658
1539000,0,0.70814,1,7.74E-10,7.08E-11,12.278,0.3994,0,23.757
1542810,-0.070575,0.60993,1,0.013218,3.21E-08,6.3612,0.35463,9.67E-08,15.74
1543000,-0.048879,0.6326,1,0.0029283,9.18E-12,7.2022,0.3376,1.49E-09,16.652
1543500,-0.040772,0.59174,1,0.0060423,1.49E-09,6.9012,0.3079,4.72E-09,16.709
1544500,-0.031938,0.62427,1,1.75E-07,1.52E-11,12.288,0.37367,3.33E-16,23.868
1545600,-0.039224,0.62014,1,2.45E-08,2.12E-11,13.876,0.34373,0,26.01
1547700,-0.1183,0.65891,1,6.31E-08,1.86E-11,13.498,0.40123,2.22E-16,24.479
1548500,-0.070919,0.64835,1,3.19E-05,1.37E-11,9.848,0.31678,9.06E-12,20.058
1549500,-0.15052,0.6819,1,1.13E-05,1.10E-11,12.127,0.35715,1.34E-11,21.205
1550000,-0.054279,0.66369,1,1.38E-05,1.05E-11,10.465,0.36177,9.12E-13,20.657
1552000,0,0.70279,1,2.07E-06,1.48E-09,10.836,0.35889,7.88E-15,21.597
1552500,0.0010185,0.67389,1,4.78E-11,8.27E-10,12.587,0.45104,0,24.278
1557500,-0.10449,0.61431,1,2.08E-05,3.32E-10,9.2904,0.3397,1.70E-12,18.761
1567500,0,0.65968,1,1.14E-05,2.77E-09,10.862,0.26904,2.01E-13,22.1
1568000,0,0.70679,1,6.35E-05,2.29E-09,9.4429,0.28669,4.33E-13,19.852
1580000,0.087754,0.72491,1,4.68E-09,1.98E-09,12.569,0.17212,0,23.148
1583500,0.088007,0.68614,1,0.0004278,1.81E-10,8.063,0.12248,2.00E-10,17.279
1586610,0.05615,0.6685,1,0.010793,4.12E-11,7.1912,0.15433,6.64E-08,17.309
1591400,-0.048293,0.69484,1,2.72E-08,4.33E-11,13.839,0.19881,4.44E-16,23.798
1594950,-0.10129,0.64032,1,5.69E-06,8.24E-10,9.5229,0.35307,1.11E-16,21.167
1596500,-0.16687,0.7529,1,0.0044047,2.26E-10,6.9865,0.32548,6.44E-09,16.693
1605500,0.013499,0.66407,1,4.35E-06,7.83E-09,12.996,0.2445,6.13E-13,24.201
1606500,0.05717,0.67368,1,0.00017861,2.40E-09,10.019,0.26318,9.82E-12,21.604
1613050,-0.10435,0.66073,1,0.00029095,1.09E-09,9.0997,0.34968,1.59E-11,19.876
1620500,0.060752,0.52791,1,0.00011714,2.73E-09,12.55,0.44414,1.42E-08,22.714
1632000,0,0.6416,0.41408,2.24E-07,0.55439,14.074,0.35527,7.38E-13,23.227
1632900,0,0.69157,1,7.34E-05,107.33,11.387,0.17906,3.80E-11,22.05
1634500,0,0.72155,1,1.83E-05,4.00E-11,10.945,0.26966,2.08E-11,20.212
1638480,0,0.69263,1,0.00011482,2.64E-09,10.587,0.261,1.64E-10,21.158
1639500,0,0.67956,1,0.038197,2.53E-09,5.5888,0.19537,1.62E-07,15.71
1644000,0,0.74212,1,0.0001985,2.93E-11,9.3866,0.23064,2.01E-11,19.888
1658500,0,0.59053,1,3.20E-05,2.18E-11,10.878,0.28661,2.18E-10,21.013
1664000,-0.054133,0.80988,1,1.47E-13,8.65E-10,15.011,0.27597,0,25.201
1666500,0.008525,0.79145,0.23033,0,1.0513,25.89,0.39411,0,41.001
1667500,-0.10055,0.87858,0.098612,5.22E-15,1.333,22.305,0.3456,0,35.838
1669000,0.033271,0.72131,1,4.16E-13,5.03E-08,12.278,0.15302,0,22.892
1669520,-0.10456,0.82765,0.014198,0,1.9274,34.359,0.35911,0,39.122
2011400,0.093621,0.65901,1,0.00056941,4.41E-09,9.0106,0.20302,3.99E-11,19.966
2011460,0.15487,0.613,1,0.000613,1.53E-09,8.4307,0.34243,1.78E-11,19.469
2013000,0.044729,0.64202,1,0.0018353,1.99E-11,7.7099,0.26614,1.69E-09,17.083
2014000,0.095464,0.6442,1,2.06E-07,4.34E-11,12.075,0.27175,7.77E-16,21.568
2015700,0.040253,0.66721,1,0.00010016,5.25E-10,9.352,0.28065,4.66E-12,19.646
2016000,0.11394,0.65482,1,1.92E-07,3.03E-11,12.071,0.31066,6.66E-16,21.682
2017500,0.074845,0.55942,1,1.44E-06,2.43E-11,10.572,0.30412,3.00E-15,20.331
2018000,0.10555,0.62225,1,1.10E-06,3.11E-09,11.134,0.29347,8.88E-16,21.126
2027000,-0.024479,0.74219,1,2.61E-10,0.00013821,14.525,0.34118,0,24.835
2027500,-0.090748,0.73407,1,1.10E-12,0.00012633,20.934,0.42659,0,30.834
2028500,-0.027374,0.71399,1,1.24E-07,4.92E-09,12.741,0.29875,0,23.996
2038850,-0.041684,0.76306,1,2.22E-16,3.27E-08,18.431,0.24644,0,28.513
2046000,0,0.6443,0.13482,2.38E-12,1.3263,16.711,0.28292,0,26.469
2051000,0.15155,0.56862,1,8.15E-08,1.19E-08,11.752,0.22641,1.11E-16,21.913
2051500,0.057779,0.69268,0.83951,3.15E-12,0.19481,15.409,0.25979,0,26.016
2053200,0,0.68583,1,0,1.25E-09,66.179,0.59387,0,39.492
2053800,0.14786,0.67493,1,1.52E-10,4.89E-09,15.57,0.21665,0,25.133
2055100,-0.02771,0.74142,1,3.03E-07,1.03E-08,13.155,0.20117,1.11E-16,23.187
2056900,0.13381,0.75443,1,6.97E-13,1.47E-10,16.46,0.21729,0,26.136
2059500,0.014894,0.78812,1,1.05E-08,1.47E-09,14.923,0.20549,0,25.983
2064000,0.010719,0.75998,0,0,31.966,41.668,0.51922,0,49.114
2065500,0.074275,0.71909,0.056599,0,1.6562,29.089,0.3315,0,36.899
2069700,0.095767,0.79013,1,2.63E-13,9.73E-11,14.476,0.17791,0,26.271
2070000,0.11208,0.73206,1,6.92E-10,1.93E-08,13.604,0.17933,0,23.801
2074500,0.068276,0.75353,0.13517,0,1.4937,26.808,0.31932,0,37.271
2077200,0,0.61738,1,9.27E-08,8.75E-09,14.724,0.34975,1.11E-16,25.508
2081500,0,0.58774,1,2.60E-11,5.90E-09,15.231,0.32902,0,25.968
2082950,0,0.61993,1,0,2.14E-08,26.145,0.3845,0,37.84
2092500,-0.18438,0.86728,0.005652,0,2.8301,34.594,0.37792,0,45.996
2096846,-0.15558,0.5503,1,6.73E-05,2.57E-09,11.662,0.24827,2.19E-11,22.469
2102908,0.017279,0.72142,1,5.66E-08,1.04E-08,7.842,0.14237,0,16.423
2108000,-0.31252,0.96103,0.64336,1.16E-07,0.50369,20.576,0.23177,0,35.446
2111180,0.076615,0.81039,0.84973,0,0.18956,33.217,0.46469,0,43.908
2111500,0.10151,0.81757,1,0,2.26E-08,18.983,0.20279,0,30.916
2112120,0.11843,0.77357,1,1.78E-15,2.34E-09,16.388,0.18825,0,27.784
2112360,0.10977,0.81603,1,0,1.10E-08,14.347,0.16825,0,25.605
2118500,0.059963,0.8887,1,0,6.21E-11,24.988,0.27076,0,34.601
2125000,0,0.55124,1,6.30E-14,2.17E-09,16.155,0.4223,0,27.538
2128000,0.060223,0.64364,1,1.17E-09,2.06E-08,17.102,0.34203,0,29.021
2137727,0.10145,0.85927,1,0,8.45E-09,40.05,0.41867,0,51.676
2140991,0.11395,0.84637,0.6961,0,0.35428,34.755,0.45182,0,42.513
2143000,0.098969,0.79452,1,1.11E-16,1.07E-08,22.324,0.25589,0,34.292
2143040,0.065907,0.80631,1,0,5.66E-09,19.117,0.29555,0,31.298
2149000,0.058197,0.92174,1,0,6.82E-09,23.533,0.24238,0,35.994
2152100,0.089173,0.82877,1,0,3.12E-08,25.792,0.26297,0,37.682
2177000,0.1326,0.90925,1,0,1.92E-08,27.243,0.24962,0,46.061
2178400,0.12033,0.88658,0.69187,0,0.31994,27.305,0.29658,0,44.512
2193340,-0.038127,0.77319,1,0,1.09E-08,20.714,0.28148,0,32.456
2196000,0,0.71709,1,0,1.16E-08,21.313,0.26996,0,33.238
2198100,0.019416,0.5865,1,1.05E-05,7.91E-09,16.298,0.2297,1.86E-13,30.14
2202600,0,0.64471,0.49415,7.72E-11,1.0375,30.284,0.26755,0,41.149
2212600,0.14818,0.60463,1,0,1.26E-08,27.266,0.36271,0,38.614
2215100,-0.089284,0.85659,1,0,3.34E-08,25.364,0.30488,0,37.852
2216180,0,0.50022,1,4.79E-06,2.39E-08,13.679,0.25901,2.89E-15,27.918
2221525,0.048885,0.76643,1,0,4.55E-08,25.663,0.2638,0,38.224
2231000,-0.069917,0.84318,0.034959,0,2.6978,85.036,0.4288,0,76.506
2231342,0,0.74111,0.50437,9.81E-10,0.94803,27.397,0.25482,0,40.4
2235200,0,0.53037,1,9.54E-13,7.21E-06,64.8,0.082258,2.44E-15,73.726
2245500,0.055051,0.69277,1,0,8.22E-08,44.61,0.33842,0,60.148
2246000,0,0.76166,0.47292,0,0.94641,63.584,0.52859,0,74.953
2296500,-0.053054,0.75822,1,0.0018277,1.24E-05,15.154,0.13609,3.02E-09,29.03
2297155,-0.10206,0.72484,1,1.35E-14,1.55E-08,43.035,0.2239,0,60.295
2297310,0,0.79856,0.83517,0,0.43023,69.179,0.33317,0,79.901
2298123,0.031765,0.72897,0.32202,4.78E-07,1.3517,20.601,0.17185,0,34.22
2298608,0.061621,0.78438,0.045549,0,3.0744,47.71,0.44048,0,65.502
2299950,0.081627,0.80794,0.11566,0,2.229,38.106,0.41641,0,53.905
2300700,0.084412,0.64482,0.12673,1.67E-15,2.5364,39.779,0.51026,0,52.147
2310947,0,0.49328,1,0.074341,5.91E-08,12.836,0.057089,0.0001949,28.442
2312200,0,0.44489,1,0.047871,6.28E-08,25.266,0.060862,6.39E-05,27.642
2314500,-0.084743,0.55549,1,1,3.50E-08,4.66E-08,0.046628,0.041236,11.663
2315500,-0.102,0.57341,1,1,4.84E-08,1.81E-06,0.042211,0.012233,14.016
2324400,-0.066139,0.62547,0.38095,0.00036778,1.4838,27.84,0.10028,2.34E-13,38.886
2327100,0,0.69866,1,4.21E-14,1.78E-08,30.328,0.44583,0,43.371
2342933,0.07787,0.61636,0.0078151,0,3.6219,35.154,0.45827,0,47.003
2349900,-0.054826,0.80771,0.27581,0,1.3947,30.535,0.37892,0,44.661
2350900,-0.11702,0.98207,0.0035363,0,2.6918,42.97,0.28195,0,49.786
2361000,0.089739,0.84296,0.18111,0,1.7121,64.608,0.55376,0,75.216
2363000,0,0.76948,0.098208,0,1.9146,43.044,0.38452,0,52.585
2369800,0.061663,0.80634,0.0005874,0,4.4905,76.347,0.65884,0,77.464
2371500,-0.085368,0.89559,0.49641,0,0.90695,46.183,0.37683,0,54.544
2372250,-0.096964,0.91478,0.31471,0,1.2606,46.104,0.43127,0,52.279
2374500,0.099617,0.78596,0.47134,0,0.74202,23.138,0.21998,0,37.507
2381600,0.060825,0.8064,1,0,1.94E-06,25.146,0.27502,0,41.315
2384540,-0.058648,0.84765,1,0,1.10E-09,20.146,0.4294,0,36.103
2395120,0.063294,0.77399,1,0,5.49E-09,24.636,0.34049,0,38.682
2408540,0.16731,0.73207,1,0,6.80E-09,27.95,0.37175,0,41.492
2415000,0.1654,0.7437,1,0,2.52E-08,25.966,0.36988,0,39.599
2422500,0.070016,0.86399,1,0,1.59E-08,23.871,0.28077,0,37.24
2427250,0.078414,0.81275,1,0,5.76E-09,24.406,0.39147,0,36.948
2430085,0.072317,0.70566,1,0,8.04E-09,19.213,0.3673,0,32.45
2430615,0.092201,0.70469,1,0,2.56E-06,28.112,0.36891,0,43.4
2450250,0.098383,0.76483,0.39992,0,0.81819,24.004,0.48502,0,40.51
2464000,0.075416,0.76539,1,0,4.59E-09,20.618,0.4315,0,35.553
2464146,0.16397,0.71713,1,0,2.81E-11,17.922,0.30364,0,32.939
2464360,0.057056,0.80302,1,2.22E-16,3.75E-09,15.705,0.28379,0,29.555
2465493,0.085168,0.87488,1,0,8.55E-09,26.005,0.22758,0,42.878
2469800,0.053425,0.76966,0.1339,0,1.6663,21.828,0.3494,0,35.924
2472000,0.056752,0.88165,1,0,3.02E-06,26.563,0.40356,0,38.585
2472500,0.061969,0.91549,0.0050813,0,2.7391,33.886,0.37451,0,47.788
2479155,0.15615,0.70069,1,0,4.82E-09,23.276,0.3878,0,38.813
2479300,0.071761,0.84962,0.27056,0,0.91198,22.518,0.31927,0,40.163
2479560,0.12575,0.79019,8.15E-05,0,2.7616,29.721,0.35676,0,42.255
2481000,0.086465,0.72059,0.0056424,0,2.2281,23.947,0.47322,0,41.464
2481510,0.087094,0.77394,0.038329,0,1.64,26.645,0.41543,0,42.095
3010655,-0.048367,0.60094,1,0.0010257,3.04E-10,8.9797,0.30336,1.13E-08,18.805
3011800,-0.12533,0.67265,1,0.0053575,8.84E-10,7.4889,0.30086,1.79E-07,17.163
3015500,-0.12816,0.66055,1,0.00039061,1.72E-10,8.9071,0.35684,3.02E-09,18.678
3021350,-0.11825,0.568,1,0.18806,5.23E-10,4.2744,0.38824,0.00083632,13.416
3026500,-0.092038,0.6806,1,0.021956,2.04E-09,5.9561,0.28867,4.38E-07,15.565
3028000,-0.1168,0.71692,1,0.019371,7.43E-12,6.4162,0.32787,5.75E-07,16.118
3049000,-0.1226,0.71295,1,9.87E-11,4.70E-10,12.812,0.33926,0,21.453
3049800,-0.12738,0.65004,1,0.00029965,5.72E-09,50.736,1.034,0,28.748
3050000,0.0082865,0.74222,1,2.24E-12,6.68E-12,12.122,0.48795,0,23.719
3066000,-0.046544,0.76994,1,1.25E-07,5.63E-10,10.404,0.42743,0,21.858
3069500,0.059044,0.7301,1,1.18E-09,4.63E-10,10.812,0.48093,0,22.419
3070500,-0.12814,0.75152,1,6.43E-11,1.16E-11,11.087,0.47423,0,22.163
3076600,-0.14361,0.69165,1,0.0013936,8.54E-10,8.18,0.33054,2.36E-09,18.617
3078000,-0.14683,0.67382,1,0.024553,9.94E-10,5.4056,0.32775,1.79E-07,15.141
3140000,-0.1065,0.67342,1,2.96E-06,2.03E-09,10.04,0.28809,5.43E-14,19.695
3144000,-0.067388,0.66711,1,1.14E-12,2.93E-10,16.352,0.45211,0,24.691
3159540,-0.10233,0.71465,1,8.70E-09,1.23E-09,11.679,0.41257,0,21.456
3161000,0.13424,0.7718,0.59074,0,0.43049,32.305,0.32291,0,41.774
3164000,0.13969,0.74862,1,0,1.42E-08,18.753,0.23159,0,27.657
3165000,0.11452,0.75676,0.97545,0,0.026913,23.571,0.29864,0,34.078
3170000,0.10219,0.72942,1,4.46E-12,1.49E-08,13.065,0.15569,0,22.624
3173000,0.088689,0.56892,1,0.0009325,2.44E-11,8.509,0.22833,4.99E-09,17.245
3180500,0.057176,0.64601,1,2.27E-06,7.51E-12,9.874,0.42277,0,21.828
3182500,0.12607,0.63055,1,5.08E-06,1.05E-09,9.6772,0.38604,6.66E-16,20.827
3186500,0.080557,0.60999,1,1.67E-08,1.15E-10,9.5174,0.4763,0,21.54
3187500,0.067608,0.63327,1,1.92E-07,7.37E-10,8.8902,0.47391,0,20.642
3213700,0.087235,0.71813,1,0,4.11E-09,17.726,0.31069,0,26.913
3237280,-0.11988,0.67366,1,8.41E-10,2.54E-09,11.949,0.3736,0,23.659
3237500,-0.13223,0.66878,1,2.75E-12,1.93E-09,12.877,0.48601,0,23.065
3238500,-0.14825,0.73436,1,5.19E-11,7.09E-10,11.518,0.55164,0,21.037
3241500,-0.1243,0.70475,1,5.91E-14,1.62E-09,16.212,0.38658,0,25.232
3280700,0.010369,0.72289,1,0,2.18E-09,27.11,0.57107,0,37.776
3281100,0.022794,0.66595,1,4.44E-16,1.32E-09,20.063,0.41479,0,33.467
3281500,0.017797,0.71272,1,0,1.05E-11,20.209,0.4833,0,32.528
3285000,-0.073409,0.75781,1,0,2.61E-09,17.733,0.54374,0,30.134
3291780,0.12177,0.53111,1,4.11E-15,1.91E-10,14.371,0.53606,0,25.753
3300400,0.14056,0.53999,1,0,1.60E-11,18.307,0.60332,0,29.629
3338780,-0.066022,0.73213,1,0,2.49E-09,18.962,0.52512,0,29.222
3340800,0,0.71341,1,0,9.48E-09,22.52,0.52887,0,34.378
3346000,0,0.71841,1,0,2.97E-09,19.305,0.5242,0,31.722
3357350,0,0.61927,1,0,1.78E-09,23.426,0.6144,0,34.412
3364500,-0.027373,0.66864,1,0,1.49E-09,19.862,0.52961,0,32.445
3366500,0.13129,0.59896,1,5.02E-14,1.27E-11,15.913,0.49324,0,28.217
3368000,0.029211,0.58778,1,0,8.29E-10,16.656,0.61868,0,28.354
3384450,-0.061969,0.63544,1,0,1.12E-11,20.386,0.55066,0,34.232
3439000,0.23612,0.74414,1,0,1.75E-09,28.99,0.29576,0,46.81
3450000,-0.038499,0.75518,1,0,4.62E-09,25.566,0.36188,0,36.919
3455500,0.21881,0.59596,1,7.50E-09,3.64E-09,17.956,0.31716,0,34.831
3456500,0.22461,0.65316,0.19147,0,1.2323,29.99,0.41459,0,43.641
3460000,0.076663,0.76528,1,1.11E-16,3.09E-09,18.545,0.26709,0,33.926
3463300,0.13486,0.8268,0.11432,0,1.3621,49.058,0.86891,0,62.019
3471500,0.028125,0.63759,1,2.04E-06,3.61E-11,12.218,0.23159,6.32E-14,21.784
3473000,0.10678,0.6462,1,1.50E-07,2.87E-07,10.687,0.24166,0,20.636
3479000,0.138,0.75669,0.7983,0,0.23877,33.173,0.52174,0,42.705
3488000,0.13905,0.5958,1,9.95E-10,2.85E-09,12.713,0.32192,0,21.612
3498500,0.099587,0.79055,1,0,2.25E-09,30.184,0.45167,0,44.046
3500000,0.13918,0.89582,1,0,1.49E-08,22.398,0.2135,0,41.707
3500240,0.11499,0.86392,1,0,5.93E-09,22.4,0.23508,0,40.533
3504000,0.083767,0.81548,1,3.33E-16,5.74E-09,20.006,0.28164,0,40.619
3574500,0.076118,0.76486,1,0,8.25E-09,27.821,0.63843,0,42.352
3592718,0.049619,0.74939,0.61516,0,0.46581,23.175,0.40306,0,36.48
3604000,0.037499,0.88687,0.22826,0,1.4066,52.788,0.64748,0,68.804
4015330,-0.17577,0.8,1,0.00019332,7.16E-10,11.977,0.44202,2.08E-07,20.9
4024430,-0.20388,0.86027,1,1.32E-05,4.67E-11,15.039,0.2797,1.33E-08,24.237
4027000,-0.12203,0.69499,1,2.78E-07,5.91E-11,17.638,0.31126,4.27E-10,24.814
4040500,-0.15406,0.65426,1,0.32884,3.34E-11,4.4528,0.21169,0.034367,11.376
4043050,-0.2883,0.59979,1,1,1.75E-11,1.46E-08,0.21952,0.87587,1.3706
4045500,-0.21525,0.45437,1,1,7.76E-11,1.18E-07,0.088304,1,6.29E-08
4056500,-0.33276,0.4276,1,1,8.87E-09,3.57E-06,0.08996,1,6.07E-07
4057510,-0.11143,0.50529,1,1,8.26E-11,1.99E-07,0.10539,0.9479,0.47847
4057800,-0.17578,0.66124,1,0.65713,4.10E-09,2.4099,0.16603,0.10895,9.8502
4059500,-0.28403,0.55613,1,0.74505,6.29E-09,1.7498,0.12771,0.26947,7.0214
4063700,-0.21672,0.74611,1,0.49628,1.15E-10,2.7983,0.10231,0.024908,10.399
4074950,-0.20934,0.8015,1,0.0015472,2.99E-08,7.8392,0.080276,1.23E-07,15.694
4105700,-0.23127,0.85528,1,3.15E-07,3.58E-08,7.6509,0.085124,0,15.56
4115265,-0.14706,0.76382,1,0.0031978,2.20E-10,5.9151,0.090231,2.86E-08,13.168
4122200,-0.28719,0.78193,1,0.0040015,2.48E-08,7.4766,0.082246,3.34E-08,16.43
4122500,-0.27038,0.81538,1,0.60958,2.86E-08,1.7969,0.060589,0.0027413,10.892
4124000,-0.25691,0.78449,1,0.03487,4.44E-08,5.8425,0.057065,9.63E-05,12.411
4127918,-0.061232,0.47801,1,1,4.17E-09,1.09E-07,0.1353,1,7.01E-05
4127997,0.070706,0.59128,1,0.20056,3.78E-08,3.3279,0.055228,0.00031226,10.638
4161580,-0.21575,0.68171,1,0.00078818,1.70E-10,7.7479,0.10948,3.15E-07,14.176
4185000,-0.11651,0.60737,1,0.0086868,3.24E-09,6.9803,0.24644,5.25E-06,14
4196800,-0.15998,0.73177,1,1.45E-05,1.09E-11,10.015,0.40511,2.00E-11,18.252
4197100,-0.13916,0.61819,1,0.0006803,1.23E-09,8.7861,0.37244,3.62E-07,15.883
4197170,-0.070307,0.60065,1,1.77E-05,1.08E-09,10.033,0.44284,1.91E-09,17.485
4213000,-0.20553,0.67726,1,0.0047288,7.08E-10,7.2183,0.40081,3.79E-07,15.701
4213075,-0.30958,0.66225,1,0.43776,9.81E-10,2.6977,0.25583,0.019258,9.9285
4216418,-0.038608,0.60069,1,0.00024647,1.41E-09,9.0727,0.29447,6.83E-09,17.663
4221000,-0.040097,0.58617,1,0.0052454,1.75E-11,8.2569,0.26568,1.80E-06,17.14
4224775,-0.14207,0.54559,1,0.022796,2.22E-09,7.3429,0.2251,0.00015762,15.054
4233000,-0.11199,0.63566,1,0.00035365,2.64E-11,9.1329,0.25046,1.33E-07,17.064
4256000,0,0.64579,1,0.00030988,6.53E-12,8.1738,0.38853,9.96E-10,17.668
4296000,0,0.59458,1,0.13747,1.14E-09,4.7898,0.24771,0.00053914,13.661
5056000,-0.11398,0.71606,1,0.16446,2.57E-09,9.425,0.042171,0.095869,15.862
5057000,-0.11552,0.58351,1,1,2.16E-07,60.083,0.12148,1,64.017
5057200,-0.11547,0.59759,1,3.95E-07,6.36E-08,50.172,0.15264,1.35E-07,52.908
5062500,-0.061435,0.64053,1,0.061941,6.88E-08,11.137,0.079768,0.0021658,19.85
5087500,-0.1321,0.59636,1,0.49015,4.56E-09,5.0625,0.11133,0.1412,12.349
5120500,0,0.10813,1,1,2.91E-07,2.79E-05,0.011029,0.94086,1.043
5123400,0,0.49323,1,1,7.85E-07,0.00040607,0.014521,0.65995,5.9803
5129115,-0.22191,0.54151,1,1,4.22E-08,5.56E-08,0.053708,1,2.92E-06
5131500,-0.30536,0.80072,1,0.19979,2.31E-09,8.2665,0.14697,0.036292,15.42
5291000,-0.073609,0.66732,1,0.0020992,7.94E-08,17.493,0.11705,1.73E-05,26.763
5362000,-0.12736,0.76276,1,0.00025178,6.37E-09,12.621,0.29942,3.35E-07,20.734
5393500,0,0.66299,1,0.00035005,7.06E-10,9.8102,0.3707,2.42E-07,17.623
5399500,0,0.6634,1,2.91E-06,3.36E-09,12.306,0.35331,6.67E-09,20.25
5408000,0,0.82435,1.01E-13,0,17.698,40.881,0.21902,0,47.206
5412500,-0.076621,0.86615,0.44553,5.82E-14,0.72654,22.655,0.23943,0,37.005
5413500,0.14371,0.70698,8.36E-06,3.10E-14,6.7613,28.904,0.14476,0,50.081
5414000,0.080502,0.77207,0.047017,1.38E-09,2.9555,26.365,0.15934,0,48.491
5444000,0.054589,0.70639,1,4.64E-06,4.71E-08,34.857,0.2515,2.33E-10,40.554
5454000,0.072594,0.63529,0.49815,4.81E-12,0.75793,22.646,0.33018,0,32.929
5458000,-0.079671,0.87652,0.52574,2.22E-15,0.77656,25.271,0.32215,0,40.211
5466500,0,0.70834,1,1.63E-05,5.39E-09,13.754,0.23051,2.55E-12,23.984
5487980,0,0.72663,1,0,1.10E-08,29.77,0.64919,0,43.2
5488200,0,0.75039,1,0,5.17E-09,22.658,0.51248,0,39.337
5489000,0,0.75381,1,0,1.03E-08,22.295,0.47228,0,34.446
5495000,0,0.74481,0.80345,0,0.25222,21.131,0.49979,0,32.641
5495500,0,0.72687,1,0,6.42E-09,19.556,0.50061,0,29.032
5501000,0,0.72149,0.53136,0,0.62342,18.686,0.4626,0,29.178
5503800,0.065256,0.61246,0.68609,0,0.4867,25.571,0.63022,0,33.397
5507600,0,0.66813,1,0,6.89E-09,28.521,0.65476,0,41.576
5508805,0,0.71439,1,0,6.40E-09,27.825,0.57285,0,39.156
5514500,0,0.687,0.91533,0,0.10949,35.338,0.75917,0,42.978
5525500,0,0.67924,1,5.95E-11,2.87E-09,15.242,0.3911,0,25.517
5556500,-0.062782,0.70383,1,4.55E-14,6.73E-09,28.611,0.40018,0,38.688
5584500,0,0.77079,1,7.22E-15,2.21E-08,21.781,0.38557,0,31.054
5585000,-0.080953,0.84542,1,6.06E-14,7.89E-09,20.602,0.33615,0,29.338
5591550,0.069835,0.64312,1,2.46E-12,3.13E-09,17.26,0.42328,0,26.865
5592050,0,0.72405,1,0,4.68E-09,20.975,0.49909,0,31.079
5592575,0,0.62494,1,0,2.69E-09,26.03,0.68705,0,35.672
5593575,0,0.68101,1,0,6.37E-09,29.59,0.78116,0,38.287
5593900,0,0.66979,1,0,2.85E-09,21.383,0.61288,0,30.822
5595730,0,0.61993,1,0,4.05E-09,40.811,1.029,0,53.524
6037500,-0.099019,0.18774,1,1,3.71E-10,1.36E-05,0.029386,1,1.98E-05
6043500,0,0.37605,1,0.5419,1.42E-10,4.9187,0.10483,0.16859,12.057
6154410,0,0.92109,1,0,1.08E-07,93.226,0.68156,0,92.424
6188000,-0.075192,0,1,1,2.44E-09,4.07E-08,0.14971,1,2.66E-07
6191500,-0.1078,0.15861,1,1,7.60E-09,1.74E-07,0.078156,1,2.46E-07
6221400,-0.24108,0.49469,1,1,6.59E-09,2.54E-07,0.13781,0.80632,2.1316
6224000,0,0.33028,1,0.88441,8.02E-11,1.1414,0.15477,0.37271,7.0043
6278300,-0.38413,0.61648,1,0.6836,4.12E-09,3.6571,0.23758,0.20712,11.431
6280300,-0.11767,0.21813,1,1,1.06E-10,1.85E-07,0.10545,1,0.0001154
6289000,-0.27675,0.45255,1,0.00021689,3.49E-08,25.818,0.17464,4.47E-06,33.893
6291500,-0.29603,0.62069,1,1,3.81E-08,44.787,0.28429,0.010102,54.981
6311000,-0.11244,0.68191,1,0.088022,1.60E-10,8.725,0.19006,0.001374,16.485
6332515,0,0.71859,1,0.022628,3.12E-07,33.938,0.053404,0.00016885,44.946
6339100,0.095835,0.71529,1,0.00023979,2.60E-05,30.884,0.071293,7.52E-05,33.995
6339500,-0.095114,0.86362,1,0.075884,2.77E-08,44.024,0.044541,0.0015211,45.126
6344600,0,0.74737,0.72562,0.00089633,1.2075,25.72,0.068049,0.00041621,30.902
6350000,0,0.68174,1,0.087234,1.45E-07,15.597,0.029807,0.013586,24.857
6352000,0,0.62508,1,0.42376,1.26E-06,8.9865,0.023291,0.16228,16.281
6353000,0,0.63412,1,0.7099,2.43E-07,7.1607,0.016128,0.55651,12.211
6354000,-0.12614,0.70391,1,0.41364,1.16E-06,11.513,0.022777,0.26438,17.047
6360500,0,0.70597,1,0,9.40E-09,75.811,0.472,0,76.913
6404000,0,0.83443,1,0,7.31E-10,31.953,0.22102,0,44.3
6406000,0.12989,0.63323,1,9.18E-10,4.63E-07,28.699,0.0897,0,40.901
6408700,-0.18189,0.43457,1,0.72766,9.55E-07,1.2192,0.0046377,0.25793,4.7337
6409000,-0.16503,0.75584,1,0.00039975,3.11E-07,16.374,0.016414,2.03E-06,22.466
6431500,-0.21554,0.81782,1,0,3.79E-07,101.33,0.30396,0,115.31
6440200,0,0.90335,1,1.10E-07,1.81E-07,21.93,0.145,0,34.481
6441500,0,0.74319,1,1.47E-13,3.20E-06,38.445,0.18095,0,46.556
6447000,0.079665,0.76769,1,1.97E-10,1.21E-08,15.166,0.052407,1.11E-16,21.646
6447500,-0.13602,0.70081,0.70138,0.022969,0.68303,18.783,0.023159,0.001545,28.316
6450500,-0.042501,0.76806,1,2.01E-07,1.18E-05,37.246,0.060542,3.66E-10,45.122
6452000,-0.27195,1.0507,1,1.08E-05,4.21E-08,17.167,0.054063,5.01E-10,25.408
6453600,0,0.76296,1,1.68E-09,1.67E-07,37.972,0.12722,0,40.693
6464500,-0.16364,0.79039,1,0.013651,9.79E-07,10.778,0.021265,0.0001652,24.254
6468170,0,0.52693,1,1.65E-07,2.21E-07,61.847,0.29207,0,127.91
6468250,-0.1022,0.56275,1,3.77E-05,1.60E-07,44.994,0.17438,4.43E-05,61.543
6470800,-0.06832,0.57207,0.78083,1,0.74129,0.0001851,0.050813,0.73587,4.7169
6477500,0,0.64917,1,9.62E-06,5.46E-07,27.979,0.071289,6.83E-10,33.69
6479215,-0.14815,0.63018,1,0.27369,1.48E-07,7.1253,0.070725,0.021975,16.547
6479438,-0.11972,0.6464,1,0.39566,2.72E-08,7.4158,0.075231,0.17178,14.04
6601000,0.12289,0.7654,0.038476,2.93E-11,2.6707,29.915,0.11918,0,39.735
6614800,-0.069315,-0.15327,1,1,4.02E-09,2.44E-08,0.08708,1,3.21E-08
6622700,-0.1617,0.16264,1,1,8.96E-09,4.97E-08,0.11058,1,1.97E-08
6623800,-0.30359,0.015046,1,1,7.65E-09,3.90E-08,0.056259,1,5.06E-08
6632400,-0.16129,0.10967,1,1,8.07E-09,1.23E-08,0.097464,1,2.12E-08
6746095,-0.25934,0.077077,1,1,69.12,1.05E-08,0.21333,1,1.55E-08
6784000,-0.095898,0.88815,1,0.012297,4.66E-07,8.7473,0.02318,3.67E-07,19.182
6803510,0.095723,0.85692,0.00086298,0,8.3481,116.9,3.4314,0,112.68
6803530,0.15071,0.70501,0.0011416,0,5.0857,47.5,0.4611,0,55.92
6814000,0.14309,0.66082,1,0,15.496,41.159,0.63023,0,49.172
6847900,0.32014,0.44986,0.00038143,0.023268,6.5829,78.716,0.075956,0.0001498,38.312
6853800,0,0.7318,0.95459,4.81E-11,0.14074,29.417,0.12268,0,44.751
6876700,0,0.80193,0.63364,0,0.92856,70.916,0.49788,0,65.665
6878000,0.11785,0.78742,0.0042144,0,3.8724,37.063,0.36709,0,50.64
6879650,0,0.59862,1,0,2.59E-08,68.512,0.94592,0,61.949
6885500,0.21019,0.67201,0.0023501,0,3.732,39.749,0.56853,0,45.341
6888500,0.061169,0.72747,0.034191,0,2.5902,39.723,0.57519,0,47.331
6889200,0.070062,0.73572,0.10143,0,2.0757,28.765,0.47748,0,39.616
6889500,0.062292,0.79638,0.66828,0,0.60677,32.388,0.54463,0,44.35
6892000,0.13137,0.67499,0.033498,0,1.9928,24.8,0.45979,0,34.992
6903400,0,0.6415,1,0,7.46E-10,29.988,0.69228,0,39.131
6906800,0.040384,0.75718,0.8648,0,0.19618,31.487,0.66533,0,45.428
6910800,0,0.64614,0.29363,0,1.2984,33.615,0.54443,0,53.912
6911900,0,0.66682,1,0,1.42E-08,60.522,1.1232,0,69.664
6917000,0,0.74162,0.22463,0,1.6033,34.776,0.65715,0,48.969
6918460,-0.062249,0.85837,0.86078,0,0.22222,52.955,0.57221,0,64.912
6919500,0,0.69234,0.85534,0,0.22542,33.586,0.47784,0,48.111
6921070,0,0.77668,1,0,1.35E-08,29.495,0.49243,0,40.498
6921200,-0.048504,0.73832,1,0,5.17E-09,32.744,0.57602,0,44.867
6934000,-0.055924,0.90874,0.9988,0,0.002132,22.656,0.28367,0,36.764
7014500,0.051404,0.8227,0.87625,0,0.18734,43.248,0.47427,0,53.336
7056000,0,0.77626,0.36651,0,1.0841,26.892,0.46313,0,37.773
7057500,-0.023415,0.82715,0.7839,0,0.34291,31.218,0.30067,0,44.276
7060710,0,0.78191,0.65655,0,0.71861,34.368,0.41754,0,46.878
7066000,-0.044759,0.86834,0.91244,0,0.13448,31.022,0.38836,0,41.122
7067000,-0.098241,0.87864,0.25981,0,1.0687,21.809,0.23097,0,35.753
7068000,-0.048483,0.9214,0.06743,0,1.6688,32.509,0.30138,0,43.28
7071500,0.070872,0.67063,0.20276,0,1.5647,32.196,0.17613,0,44.795
7083000,-0.39837,0.10037,1,1,28.779,1.17E-07,0.067501,1,1.43E-07
7142300,-0.0092741,0.59381,0.037954,0.0097384,3.4328,14.697,0.012592,1.72E-06,30.923
7145700,0.055405,0.76426,0.025305,0,2.5584,23.51,0.46946,0,34.717
7148400,0.055513,0.75644,0.42119,4.44E-16,0.8713,22.367,0.066583,0,29.426
7149000,-0.0097286,0.83473,0.0261,1.79E-09,2.1639,17.741,0.074853,0,29.562
7151500,0,0.82905,0.053977,0,2.0935,24.875,0.2354,0,37.254
7167500,0,0.66171,0.23138,0,1.9637,39.075,0.82572,0,50.738
7180500,0.044738,0.75461,0.010319,0,3.2466,32.421,0.48494,0,40.155
7184000,0,0.76912,1.94E-05,0,4.4076,38.788,0.76082,0,51.427
7195800,-0.041599,0.83342,0.9325,1.67E-14,0.12338,29.914,0.33696,0,43.169
7196900,0.092181,0.67281,1,0,4.14E-09,27.641,0.48266,0,47.138
7197000,0.066222,0.77068,1,0,1.37E-06,30.036,0.41972,0,45.327
7208500,-0.055744,0.53608,1,0.86702,2.85E-07,1.2323,0.029398,0.19936,9.485
7226500,0,0.58739,0.85503,1.80E-11,0.31173,29.015,0.024753,0,35.985
7261000,-0.097613,0.72792,1,4.96E-13,1.64E-09,19.753,0.40933,0,32.834
7263295,0,0.62241,1,0,1.99E-09,22.961,0.49186,0,35.16
7290650,0.23103,0.73415,0.52751,0,0.64784,33.273,0.49756,0,48.386
7291000,0.19458,0.74539,0.30242,0,1.3769,42.969,0.58123,0,54.918
7292500,0.17905,0.75318,1,0,2.04E-06,38.731,0.45669,0,51.014
7295000,0.18898,0.66856,1,0,4.82E-09,24.861,0.46174,0,40.161
7299670,0.075071,0.60803,0,0,30.318,78.353,0.32267,0,85.758
7301410,0.064713,0.61482,0.64338,2.96E-05,0.69271,17.445,0.015116,2.15E-11,29.208
7301500,0.072017,0.63587,0.083513,3.87E-12,1.939,35.879,0.057806,0,44.279
7315200,0,0.62836,1,3.88E-07,3.72E-08,26.125,0.18961,1.23E-11,38.851
7315700,0,0.75675,1,2.10E-09,2.20E-08,25.316,0.28198,1.11E-16,35.894
7335700,-0.063803,0.70117,1,0,7.95E-10,20.9,0.61033,0,33.399
7340300,0.059284,0.81079,1,0,6.13E-09,22.197,0.5582,0,35.961
7346045,-0.18961,0.85238,1,2.31E-09,7.01E-11,24.399,0.20158,0,38.263
7359610,0,0.90379,1,0,3.93E-09,28.186,0.58324,0,41.861
7362100,0.05942,0.72184,0.55494,0,0.74621,29.415,0.40912,0,42.508
7362587,0,0.68764,1,0,1.22E-09,28.225,0.68785,0,42.141
7373000,0.078312,0.80643,0.082871,0,2.191,30.112,0.32575,0,45.758
7375000,0.12051,0.80028,0.60797,7.77E-16,0.71647,31.369,0.38945,0,46.404
7376000,0.064107,0.87491,0.24184,0,1.3321,37.545,0.43168,0,51.265
8013000,-0.12187,0.99362,1,2.54E-12,1.00E-06,24.752,0.3617,0,40.375
8014500,-0.031359,0.91758,1,0,1.58E-05,28.688,0.32402,0,42.105
8023080,0,0.70175,0.64412,2.72E-10,0.65859,19.103,0.39666,0,34.042
8025500,0.064805,0.755,0.049827,0,2.1939,23.579,0.39505,0,38.24
8029500,0.053312,0.81157,1.81E-06,0,5.091,28.57,0.30701,0,44.502
8050800,0,0.60384,0.26282,0,2.0442,71.186,1.0081,0,75.065
8066200,0.16268,0.64581,0.13672,0,1.9924,31.229,0.46401,0,43.2
8066300,0.098645,0.73608,0.10035,1.44E-15,2.2244,25.593,0.25334,0,38.643
8070000,0.10091,0.74062,1,0,1.69E-07,38.119,0.39663,0,48.877
8070200,0.11506,0.75813,1,6.66E-16,3.25E-08,31.1,0.29993,0,44.257
8079600,0,0.6458,0.60392,7.10E-10,0.73203,23.753,0.22658,3.38E-12,28.127
8082700,0,0.68344,1,0,49.182,97.833,0.99175,0,109.64
8086212,0.1056,0.67402,0.82376,0,0.60302,48.846,0.21307,0,57.689
8086290,0.080001,0.69177,1,0,3.62E-07,59.749,0.26947,0,72.027
8101000,0.059338,0.62615,1,0,1.41E-08,51.691,0.33162,0,58.951
8103900,0.055393,0.62622,0.15331,0,2.4982,42.706,0.26306,0,52.608
8104900,0.076295,0.63429,3.63E-05,0,6.1845,63.009,0.48564,0,71.747
8109700,0,0.7527,0.10654,1.50E-13,2.6356,33.507,0.21518,0,48.468
8150800,0.11843,0.70778,0.0098642,0,6.3102,45.201,0.13127,0,51.76
8155200,0.079669,0.55275,0.64641,0,1.0846,72.994,0.44014,0,65.566
8158700,0.07384,0.52458,0.54461,0,1.3989,50.621,0.27408,0,60.434
8158810,0.11779,0.51777,0.83899,0,0.56217,68.203,0.48915,0,73.152
8164000,0.18355,0.73177,0.061259,0,2.5527,39.526,0.42092,0,50.311
8164300,0.19625,0.63339,0.0006504,0,5.4751,51.14,0.45663,0,56.304
8164600,0.22309,0.63114,0.032635,0,3.9471,63.453,0.67677,0,70.872
8165300,-0.074774,0.89237,0.0011848,0,7.5194,52.241,0.12672,0,59.111
8171300,0.16562,0.62424,1,0,28.229,76.683,0.40832,0,88.554
8175000,0.14105,0.72491,0.053628,1.11E-16,3.6059,62.492,0.33602,0,73.293
8176900,0.17127,0.73533,0.0070409,0,4.7525,55.113,0.27477,0,62.659
8178880,0.091774,0.77693,2.49E-06,0,19.58,154.97,0.80149,0,168.15
8189500,0.08707,0.82961,0.0010909,0,5.1207,58.06,0.33307,0,73.715
8190000,-0.069592,0.92911,8.60E-06,0,8.6321,59.507,0.28487,0,61.362
8190500,0,0.7837,0.00019822,0,8.107,80.911,0.22593,0,84.507
8194200,0,0.65484,0.048123,1.39E-11,7.6944,73.678,0.40427,2.19E-12,67.696
8195000,-0.10372,0.93326,0.088975,0,4.2452,82.455,0.35806,0,94.933
8196000,-0.16971,0.9172,0.0042121,0,6.1423,69.067,0.31396,0,70.037
8198500,-0.051876,0.76701,1,0,79.315,139.76,0.76231,0,155.8
8200000,0,0.74682,1,0,108.99,152.29,1.3533,0,167.83
8202700,0.58573,-0.14786,1,0,44.875,101.56,0.28008,0,116.73
8267500,-0.27006,0.42614,1,0.36003,5.86E-08,6.546,0.072237,0.30378,8.9655
8269000,0,0.26581,1,0.42338,2.47E-09,6.0112,0.0508,0.30904,9.1204
8271000,-0.22826,0.39903,1,0.46402,3.99E-08,4.9973,0.088504,0.26171,8.8192
8324000,-0.086367,0.41363,1,1,6.15E-09,4.95E-06,0.013168,1,0.0036054
8377900,-0.097425,0.60153,1,0.070967,5.89E-08,12.419,0.097036,0.0074482,20.344
8378500,0,0.52692,1,0.1892,4.26E-08,8.5655,0.058297,0.080444,13.159
8380500,0,0.76985,0.54825,1.36E-07,1.1133,27.946,0.12867,1.67E-13,39.145
9034900,-0.17066,0,1,1,4.35E-09,3.11E-08,0.081592,1,3.90E-08
9035800,-0.352,0.083849,1,1,2.21E-08,1.41E-07,0.03751,1,7.16E-07
9035900,-0.25446,0.090566,1,1,9.49E-09,1.35E-05,0.048588,1,1.67E-05
9047700,-0.076201,0,1,1,23.625,2.32E-07,0.044467,1,3.06E-07
9065500,-0.19156,0,1,1,7.14E-09,4.04E-08,0.079175,1,5.20E-08
9066000,-0.20766,0.10542,1,1,1.03E-10,6.75E-08,0.07352,1,8.58E-08
9066200,-0.32681,0.12393,1,1,6.89E-09,3.45E-08,0.073915,1,4.45E-08
9066300,-0.22426,0,1,1,3.78E-09,1.04E-07,0.045547,1,1.32E-07
9081600,-0.55054,0.19829,1,1,7.30E-09,5.01E-08,0.052718,1,6.48E-08
9107000,-0.65238,0.31131,1,1,1.89E-08,3.05E-07,0.039136,1,4.31E-05
9210500,-0.10879,0.083314,1,0.89117,1.70E-07,1.2576,0.03863,0.59119,5.4025
9223000,-0.10576,0.084671,1,1,4.38E-08,3.14E-07,0.047367,1,9.24E-06
9306242,0,0.10138,1,1,2.74E-06,0.00057855,0.0034566,1,0.013025
9312600,-0.18991,0,1,1,2.95E-08,1.09E-06,0.025473,1,1.61E-06
9352900,-0.20794,0.30276,1,1,6.42E-11,6.51E-06,0.11018,1,4.40E-05
9378170,0,0,1,1,2.86E-06,6.87E-06,0.010667,1,8.06E-06
9378630,0.082777,-0.16612,1,1,4.31E-07,3.21E-05,0.014322,1,7.58E-06
9386900,0,0.41361,1,1,3.27E-07,0.00022203,0.018388,1,0.00036624
9404450,-0.063718,0.59921,1,1,1.76E-07,156.51,0.22463,1,149.74
9430500,0.12614,0.59557,1,0.74319,4.85E-07,3.0224,0.030662,0.32318,9.3045
9430600,-0.057962,0.71665,1,0.030011,1.20E-08,13.072,0.22742,0.0066565,18.687
9447800,0.10221,0.6327,1,0.14601,1.19E-07,18.521,0.058477,0.0045673,36.202
9480000,0,0.62672,0.33794,0.023793,2.8151,26.652,0.033282,0.00073094,70.185
9484000,-0.4147,0.82301,1,0.04801,2.39E-11,12.407,0.34377,0.005136,19.178
9484600,0,0.72204,1,1.49E-06,4.86E-06,47.564,0.036489,1.44E-09,34.148
9492400,0,0.48883,1,0.39197,5.30E-10,5.209,0.074963,0.087857,12.851
9494000,0.1094,0.565,1,0.075601,7.48E-08,11.3,0.047152,0.0040383,19.262
9497800,0.05045,0.67813,1,2.51E-05,6.58E-08,31.592,0.10753,4.89E-10,47.132
9497980,0,0.77777,1,4.32E-08,1.07E-08,269.51,1.6391,0,66.841
9505200,-0.039216,0.71223,1,0,43.092,135.97,0.97794,0,105.43
9505350,-0.091758,0.55899,1,4.20E-07,1.87E-09,34.083,0.30632,4.01E-10,42.606
9505800,-0.040588,0.71591,1,0,39.516,109.84,0.59327,0,130.04
9508300,-0.21811,0.78512,1,9.99E-16,2.72E-09,36.005,0.67881,0,45.22
9510200,-0.062511,0.72968,1,0,38.692,64.787,0.76052,0,69.594
9512280,-0.10919,0.73672,1,0,8.57E-08,64.956,0.54401,0,66.297
9513780,-0.082223,0.74295,1,0,9.82E-09,56.38,0.86222,0,61.701
10023000,0,0.094448,1,1,2.06E-08,3.06E-06,0.0082368,1,2.08E-06
10166430,0,0.26551,1,0.24749,6.02E-09,6.9275,0.024104,0.0087878,14.636
10172700,-0.094037,0.35967,1,0.59149,4.54E-08,4.7085,0.0080243,0.10355,13.691
10172800,-0.10427,0.3408,1,0.073575,1.55E-08,9.8412,0.12449,0.003956,23.508
10173450,0,0,1,1,3.11E-08,3.26E-06,0.016123,1,3.76E-06
10205030,0,0.068897,1,1,6.08E-07,5.75E-06,0.013049,1,3.90E-05
10234500,-0.074547,0.070172,1,1,2.51E-07,7.46E-06,0.018967,1,1.18E-05
10242000,-0.02577,0.28738,0.43433,1,1.1606,6.20E-06,0.045721,1,2.69E-05
10244950,-0.095909,0.36076,1,0.89601,4.78E-07,1.4779,0.021021,0.19762,12.827
10249300,-0.1702,0.68464,1,0.047935,1.79E-09,21.347,0.24484,0.0051416,23.054
10258000,0,0.63273,1,0,39.58,84.379,0.30751,0,97.069
10258500,0,0.78882,0.85148,0,0.53855,122.47,0.2457,0,90.541
10259000,0.13743,0.75937,1,0,38.673,94.794,0.35171,0,99.967
10259200,0.19824,0.51916,1,5.00E-15,6.14E-08,59.024,0.29988,0,47.399
10263500,0.44971,0.40562,1,1,9.59E-09,479.07,1.5163,1.12E-12,66.75
10310500,-0.16502,0.73241,1,1.74E-11,2.11E-07,122.81,0.19037,6.66E-16,130.71
10316500,-0.097258,0.27135,1,1,7.05E-09,6.45E-06,0.12067,0.36064,8.4572
10329500,-0.2498,0.56988,0.64574,1.06E-10,0.94448,37.422,0.16142,7.44E-13,43.2
10336645,0,0.3075,1,0.9628,3.26E-09,0.57448,0.12002,1,244.03
10336660,0,0.30849,1,0,34.988,395.56,2.4438,0,487.72
10336740,0,0,1,1,4.83E-07,0.00030623,0.0095173,1,186.66
10343500,0,0.31407,0,0,30.649,224.08,0.81958,0,343.95
10348850,0,0.21792,1,0,60.378,260.19,1.4137,0,362.38
10396000,-0.19404,0.56703,1,0.0094365,1.82E-08,13.105,0.14212,0.00018581,22.63
11098000,0.26201,0.70799,0.96354,0,0.12721,99.346,0.62667,0,113.26
11124500,0,0.85206,0.21219,9.44E-15,2.5224,84.706,0.25906,0,94.409
11141280,0.083404,0.90378,1,1.95E-07,7.53E-08,31.513,0.1591,6.66E-16,48.248
11143000,0.24359,0.80602,0.21136,0,1.6384,53.245,0.61063,0,73.526
11148900,0.23634,0.68741,0.080285,0,2.4043,62.029,0.73138,0,78.868
11151300,0,0.83452,0.97768,8.85E-09,0.039657,40.803,0.099425,3.00E-15,49.906
11162500,0.15997,0.82383,0.020123,0,2.4779,58.664,0.43974,0,73.79
11176400,-0.18953,0.93368,0.99914,0,0.0017311,44.797,0.46294,0,50.75
11180500,0,0.69166,0.63163,1.50E-11,0.52251,37.111,0.33836,0,45.039
11180960,0,0.75458,0.29524,2.52E-11,1.1705,34.047,0.46959,0,45.564
11224500,0.094927,0.74074,1,5.51E-05,2.78E-08,39.147,0.086686,1.06E-08,50.392
11230500,-0.17196,0.24441,1,1,1.57E-08,1.23E-07,0.033979,1,1.56E-07
11237500,-0.11304,0.17496,1,1,2.67E-11,1.89E-08,0.072977,1,2.57E-08
11253310,0,0.81726,1,1.54E-13,1.40E-08,47.917,0.13709,0,58.544
11264500,0,0.23222,1,4.53E-12,6.89E-09,292.09,1.823,9.23E-12,332.19
11266500,0,0.27133,1,1.19E-10,9.46E-10,305.08,2.2265,1,208.49
11274500,0,0.86788,1,0,4.789,59.079,0.48438,0,64.737
11274630,0.01152,0.89378,1,0,1.62E-07,70.751,0.38523,0,75.734
11284400,0,0.87328,0.43436,4.77E-13,1.0867,53.472,0.32447,0,81.611
11299600,0.16245,0.85017,0.36868,0,1.0998,56.964,0.76885,0,68.631
11381500,0.065973,0.87479,0.051278,0,1.6508,57.354,0.38719,0,77.867
11383500,0.19301,0.74108,0.0050941,0,2.665,78.44,0.38204,0,99.936
11451100,0.21584,0.70187,0.17396,3.04E-14,1.5955,47.274,0.67305,0,61.368
11468500,0.2173,0.73329,0.0040228,0,2.629,50.908,0.58284,0,67.245
11473900,0.21018,0.63823,0.10107,1.54E-11,1.5666,49.127,0.41964,0,63.05
11475560,0.24094,0.72713,0.0013588,0,3.4595,66.204,0.72028,0,94.223
11476600,0.19186,0.70417,0.10119,0,1.645,64.141,0.80169,0,81.117
11478500,0.26823,0.54708,0.058092,0,1.6913,45.146,0.71192,0,64.898
11480390,0.073034,0.64983,0.33013,0,1.0202,57.164,0.63375,0,72.355
11481200,0.34765,0.55583,1,9.77E-15,3.53E-09,26.033,0.55187,0,44.535
11482500,0.3021,0.57567,0.13065,0,1.1547,34.263,0.51479,0,53.767
11522500,-0.06911,0.71937,0.83064,4.07E-07,0.22525,36.604,0.34762,1.49E-12,48.945
11523200,0,0.51509,0.010067,0.37473,1.7009,6.1886,0.26252,0.042546,16.216
11528700,0.12996,0.67966,0.051417,0,1.7269,66.262,0.39241,0,80.478
11532500,0.33726,0.65121,3.78E-05,0,2.4527,53.467,0.7723,0,69.397
12010000,0.49692,0.52325,0.00015806,0,2.9639,73.399,0.83246,0,95.859
12013500,0.43562,0.58515,0.016592,0,1.9302,67.827,0.62953,0,87.57
12020000,0.4715,0.50551,1.28E-05,0,4.0446,62.15,0.61522,0,84.509
12025000,0.34531,0.65698,0.17363,0,0.88886,52.303,0.59439,0,66.124
12025700,0.3335,0.57896,0.10964,0,1.0281,41.107,0.71461,0,55.052
12035000,0.48574,0.5294,0.0012356,0,2.1414,57.456,0.67779,0,75.894
12040500,0.55053,0.39901,2.90E-05,0,2.5204,45.985,0.83691,0,68.67
12041200,0.5595,0.36378,0.0024717,1.23E-10,1.8881,41.784,0.63649,0,63.567
12043000,0.48666,0.42576,0.81466,0,0.21423,51.578,0.72272,0,71.704
12048000,0.18548,0.50474,1,0.0021624,1.99E-09,18.975,0.15182,7.94E-07,35.046
12054000,0.41227,0.36212,0.12008,1.27E-07,1.2046,30.862,0.50008,3.98E-12,45.596
12056500,0.42207,0.33635,0.054434,7.70E-08,1.488,33.389,0.65465,1.49E-12,50.911
12073500,0.32462,0.62301,0.022266,0,1.5529,40.35,0.26433,0,53.884
12082500,0.28581,0.48136,0.17635,0.00017684,1.1831,30.946,0.27907,1.61E-08,53.576
12092000,0.28954,0.37226,0.39728,0.10266,0.76514,10.683,0.21361,0.00024675,29.863
12095000,0.2706,0.66901,0.061644,0,1.2585,42.651,0.42404,0,53.101
12114500,0.13571,0.62104,0.17916,0.015997,1.0311,13.351,0.3315,2.47E-07,33.345
12115000,0.16751,0.62464,0.015676,6.95E-07,1.777,28.488,0.39007,1.23E-14,53.051
12115500,0.31542,0.54017,0.066482,3.88E-11,1.3831,32.733,0.58399,0,52.897
12117000,0.32267,0.61737,0.11109,0,1.2645,53.3,0.40956,0,72.583
12141300,0.39655,0.36294,0.062733,0.0068541,1.2645,15.453,0.4355,3.79E-07,32.912
12143600,0.32165,0.47864,0.064471,1.16E-05,1.3468,24.761,0.40097,4.77E-12,47.659
12144000,0.39472,0.40625,0.014767,9.29E-09,1.6006,34.109,0.3893,5.55E-16,58.281
12145500,0.36968,0.62291,0.017001,0,1.4824,49.634,0.62967,0,61.032
12147500,0.41106,0.46853,0.17068,2.31E-10,0.98352,26.57,0.49088,0,49.2
12147600,0.34345,0.35595,1,1.13E-05,5.67E-10,23.051,0.70113,7.04E-13,45.716
12167000,0.41943,0.46219,0.014181,1.75E-11,1.4028,29.219,0.57611,0,48.828
12175500,0.062349,0.25495,1,1,2.30E-10,1.14E-08,0.17742,1,5.70E-07
12178100,0.10207,0.43212,1,0.4127,5.01E-10,4.3687,0.31829,0.0085401,17.858
12186000,0.31454,0.2999,0.67391,0.97444,0.30964,0.22509,0.34852,0.12884,12.182
12189500,0.33627,0.33449,0.98848,0.59585,0.0096449,3.6733,0.28475,0.081907,13.76
12358500,0.078119,0.094585,1,1,1.50E-11,1.25E-08,0.12278,1,1.82E-08
12374250,0.08663,0.089373,1,1,1.81E-08,6.11E-07,0.026338,1,3.50E-06
12375900,-0.089474,0.10717,1,1,1.94E-11,1.16E-08,0.12153,1,1.86E-08
12377150,-0.097854,0.017162,1,1,7.66E-12,5.29E-09,0.11006,1,1.43E-09
12381400,-0.10195,0.017512,1,1,7.56E-11,6.46E-08,0.045554,1,8.45E-06
12383500,0,0,1,1,1.30E-08,1.06E-07,0.039315,1,1.47E-05
12388400,0,0.063992,1,1,1.24E-10,1.01E-07,0.057491,1,1.35E-07
12390700,0,0.14463,1,1,5.78E-09,4.03E-07,0.066073,1,1.78E-07
12411000,-0.14878,0.40878,1,1,1.16E-09,1.94E-08,0.15658,1,3.72E-08
12414500,-0.097979,0.3435,1,1,1.54E-11,1.84E-08,0.11938,1,6.02E-09
12447390,-0.16105,0,1,1,6.78E-09,4.17E-08,0.05147,1,5.18E-08
12451000,0,0.090057,1,1,3.04E-09,1.40E-08,0.095165,1,2.04E-08
12488500,0,0.35613,1,1,1.20E-11,2.02E-08,0.099069,1,3.88E-08
13011500,-0.3234,0.13548,1,1,27.045,2.52E-08,0.10553,1,3.29E-08
13011900,-0.36632,0.15624,1,1,4.28E-09,4.29E-08,0.081777,1,2.32E-07
13018300,-0.28438,-0.019542,1,1,19.814,1.38E-07,0.06156,1,2.14E-07
13023000,-0.091332,0.12005,1,1,1.02E-10,9.33E-10,0.065804,1,1.38E-07
13083000,-0.28675,0.52553,1,0.21255,2.07E-07,67.519,0.082385,0.00035731,22.915
13161500,-0.1107,0.17399,1,0.1569,1.45E-07,9.1891,0.054735,0.019528,24.549
13235000,-0.10293,0.1819,1,1,7.71E-09,7.79E-08,0.052883,1,1.08E-07
13240000,-0.12247,0.17814,1,1,44.185,1.14E-08,0.1213,1,1.52E-08
13310700,-0.40062,0.45802,1,1,4.58E-11,2.39E-08,0.067983,1,1.84E-07
13313000,-0.29599,0.19245,1,1,1.05E-09,5.28E-08,0.04323,1,6.65E-08
13331500,-0.076849,0.41978,1,1,2.62E-09,5.15E-08,0.12604,1,1.49E-05
13337000,0,0.16,1,1,1.20E-11,1.32E-08,0.10276,1,1.76E-08
13338500,0,0.58292,1,0.54475,5.85E-09,3.9059,0.10408,0.048994,12.953
13340000,0.080487,0.15973,1,1,1.49E-07,3.84E-08,0.1038,1,5.62E-08
13340600,0,0.29157,1,1,1.48E-11,1.98E-08,0.11585,1,3.42E-06
14020000,-0.12121,0.67628,1,0.16879,1.01E-09,6.9984,0.24916,0.0049684,15.642
14092750,0.21341,0.41994,1,0.47765,1.27E-11,5.9618,0.17826,0.029017,21.385
14096850,-0.19897,0.75729,1,4.38E-07,1.90E-08,49.096,0.14001,3.73E-09,61.076
14137000,0.29764,0.56195,1,1.70E-05,8.06E-10,27.588,0.31364,6.10E-11,44.741
14138800,0.40763,0.47378,1,0.00079042,4.68E-10,18.021,0.52619,1.52E-10,38.697
14138870,0.43697,0.5798,1,7.44E-05,6.83E-10,20.253,0.39414,9.88E-15,43.279
14138900,0.37151,0.5841,1,1.58E-09,6.64E-10,35.961,0.52435,0,60.727
14139800,0.43125,0.57768,0.71029,1.79E-08,0.33875,27.746,0.50785,0,49.414
14141500,0.42934,0.54673,0.3365,7.52E-07,0.77535,23.332,0.4228,4.44E-16,43.377
14154500,0.25797,0.66795,0.039819,0,1.2275,33.448,0.4285,0,48.198
14158500,-0.12392,0.71994,1,0.048955,7.42E-10,15.765,0.12434,1.72E-05,39.611
14158790,0.19522,0.56016,1,0.038606,2.27E-10,13.541,0.41226,1.97E-05,31.252
14166500,0.35299,0.6088,2.55E-05,0,2.6979,54.509,0.3659,0,72.581
14182500,0.36106,0.565,0.024818,7.78E-07,1.3661,25.559,0.56584,1.34E-13,45.54
14185000,0.31436,0.62263,0.27469,5.19E-09,0.70868,30.641,0.46601,0,46.419
14185900,0.43806,0.49318,0.016154,4.51E-08,1.6017,27.951,0.57424,0,46.717
14187000,0.24454,0.70311,0.36902,0,0.58626,30.813,0.47678,0,48.092
14216500,0.29507,0.55122,0.020239,0.03948,1.846,13.674,0.31586,9.24E-07,34.697
14222500,0.39092,0.60056,6.33E-06,0,2.7099,46.224,0.4703,0,68.819
14236200,0.36238,0.55865,0.029196,2.68E-14,1.2999,32.723,0.6107,0,48.493
14301000,0.4783,0.52657,2.22E-05,0,2.4536,53.465,0.48205,0,70.159
14303200,0.3706,0.65088,0.00034259,0,2.1647,65.706,0.59721,0,83.189
14305500,0.37754,0.60274,0.023404,0,1.6274,45.551,0.697,0,65.703
14306340,0.42273,0.50255,0.066436,0,1.3457,48.391,0.50685,0,70.255
14306500,0.4258,0.59614,0.0011905,0,2.1136,55.686,0.43085,0,80.03
14308990,0.2109,0.75869,0.0006292,0,2.1235,58.181,0.33408,0,76.163
14309500,0.36023,0.59594,0.14652,1.11E-16,1.1004,43.232,0.42919,0,62.314
14316700,0.20465,0.69023,0.83406,5.86E-13,0.16524,31.517,0.48139,0,45.334
14325000,0.30281,0.60573,1,0,1.54E-10,55.663,0.57994,0,75.137
14362250,0,0.89764,1,0,16.76,96.345,0.22119,0,117.25
14400000,0.39619,0.5759,0.00025415,0,1.9855,35.4,1.0481,0,55.819
